M,N,K,bias,dtype,outdtype,scaleAB,bpreshuffle
6,2048,6144,False,torch.bfloat16,torch.bfloat16,False,False
7,2048,6144,False,torch.bfloat16,torch.bfloat16,False,False
8,2048,6144,False,torch.bfloat16,torch.bfloat16,False,False
12,2048,6144,False,torch.bfloat16,torch.bfloat16,False,False
16,2048,6144,False,torch.bfloat16,torch.bfloat16,False,False
18,2048,6144,False,torch.bfloat16,torch.bfloat16,False,False
24,2048,6144,False,torch.bfloat16,torch.bfloat16,False,False
32,2048,6144,False,torch.bfloat16,torch.bfloat16,False,False
36,2048,6144,False,torch.bfloat16,torch.bfloat16,False,False
40,2048,6144,False,torch.bfloat16,torch.bfloat16,False,False
42,2048,6144,False,torch.bfloat16,torch.bfloat16,False,False
48,2048,6144,False,torch.bfloat16,torch.bfloat16,False,False
56,2048,6144,False,torch.bfloat16,torch.bfloat16,False,False
60,2048,6144,False,torch.bfloat16,torch.bfloat16,False,False
64,2048,6144,False,torch.bfloat16,torch.bfloat16,False,False
66,2048,6144,False,torch.bfloat16,torch.bfloat16,False,False
72,2048,6144,False,torch.bfloat16,torch.bfloat16,False,False
80,2048,6144,False,torch.bfloat16,torch.bfloat16,False,False
84,2048,6144,False,torch.bfloat16,torch.bfloat16,False,False
88,2048,6144,False,torch.bfloat16,torch.bfloat16,False,False
90,2048,6144,False,torch.bfloat16,torch.bfloat16,False,False
96,2048,6144,False,torch.bfloat16,torch.bfloat16,False,False
104,2048,6144,False,torch.bfloat16,torch.bfloat16,False,False
108,2048,6144,False,torch.bfloat16,torch.bfloat16,False,False
112,2048,6144,False,torch.bfloat16,torch.bfloat16,False,False
114,2048,6144,False,torch.bfloat16,torch.bfloat16,False,False
120,2048,6144,False,torch.bfloat16,torch.bfloat16,False,False
128,2048,6144,False,torch.bfloat16,torch.bfloat16,False,False
132,2048,6144,False,torch.bfloat16,torch.bfloat16,False,False
136,2048,6144,False,torch.bfloat16,torch.bfloat16,False,False
138,2048,6144,False,torch.bfloat16,torch.bfloat16,False,False
144,2048,6144,False,torch.bfloat16,torch.bfloat16,False,False
152,2048,6144,False,torch.bfloat16,torch.bfloat16,False,False
156,2048,6144,False,torch.bfloat16,torch.bfloat16,False,False
160,2048,6144,False,torch.bfloat16,torch.bfloat16,False,False
162,2048,6144,False,torch.bfloat16,torch.bfloat16,False,False
168,2048,6144,False,torch.bfloat16,torch.bfloat16,False,False
176,2048,6144,False,torch.bfloat16,torch.bfloat16,False,False
180,2048,6144,False,torch.bfloat16,torch.bfloat16,False,False
184,2048,6144,False,torch.bfloat16,torch.bfloat16,False,False
186,2048,6144,False,torch.bfloat16,torch.bfloat16,False,False
192,2048,6144,False,torch.bfloat16,torch.bfloat16,False,False
200,2048,6144,False,torch.bfloat16,torch.bfloat16,False,False
204,2048,6144,False,torch.bfloat16,torch.bfloat16,False,False
208,2048,6144,False,torch.bfloat16,torch.bfloat16,False,False
210,2048,6144,False,torch.bfloat16,torch.bfloat16,False,False
216,2048,6144,False,torch.bfloat16,torch.bfloat16,False,False
224,2048,6144,False,torch.bfloat16,torch.bfloat16,False,False
228,2048,6144,False,torch.bfloat16,torch.bfloat16,False,False
232,2048,6144,False,torch.bfloat16,torch.bfloat16,False,False
234,2048,6144,False,torch.bfloat16,torch.bfloat16,False,False
240,2048,6144,False,torch.bfloat16,torch.bfloat16,False,False
248,2048,6144,False,torch.bfloat16,torch.bfloat16,False,False
252,2048,6144,False,torch.bfloat16,torch.bfloat16,False,False
256,2048,6144,False,torch.bfloat16,torch.bfloat16,False,False
258,2048,6144,False,torch.bfloat16,torch.bfloat16,False,False
272,2048,6144,False,torch.bfloat16,torch.bfloat16,False,False
276,2048,6144,False,torch.bfloat16,torch.bfloat16,False,False
284,2048,6144,False,torch.bfloat16,torch.bfloat16,False,False
288,2048,6144,False,torch.bfloat16,torch.bfloat16,False,False
304,2048,6144,False,torch.bfloat16,torch.bfloat16,False,False
306,2048,6144,False,torch.bfloat16,torch.bfloat16,False,False
320,2048,6144,False,torch.bfloat16,torch.bfloat16,False,False
324,2048,6144,False,torch.bfloat16,torch.bfloat16,False,False
336,2048,6144,False,torch.bfloat16,torch.bfloat16,False,False
352,2048,6144,False,torch.bfloat16,torch.bfloat16,False,False
354,2048,6144,False,torch.bfloat16,torch.bfloat16,False,False
368,2048,6144,False,torch.bfloat16,torch.bfloat16,False,False
372,2048,6144,False,torch.bfloat16,torch.bfloat16,False,False
384,2048,6144,False,torch.bfloat16,torch.bfloat16,False,False
400,2048,6144,False,torch.bfloat16,torch.bfloat16,False,False
416,2048,6144,False,torch.bfloat16,torch.bfloat16,False,False
432,2048,6144,False,torch.bfloat16,torch.bfloat16,False,False
448,2048,6144,False,torch.bfloat16,torch.bfloat16,False,False
464,2048,6144,False,torch.bfloat16,torch.bfloat16,False,False
480,2048,6144,False,torch.bfloat16,torch.bfloat16,False,False
496,2048,6144,False,torch.bfloat16,torch.bfloat16,False,False
512,2048,6144,False,torch.bfloat16,torch.bfloat16,False,False
845,2048,6144,False,torch.bfloat16,torch.bfloat16,False,False
980,2048,6144,False,torch.bfloat16,torch.bfloat16,False,False
1008,2048,6144,False,torch.bfloat16,torch.bfloat16,False,False
1143,2048,6144,False,torch.bfloat16,torch.bfloat16,False,False
1159,2048,6144,False,torch.bfloat16,torch.bfloat16,False,False
1208,2048,6144,False,torch.bfloat16,torch.bfloat16,False,False
1209,2048,6144,False,torch.bfloat16,torch.bfloat16,False,False
1224,2048,6144,False,torch.bfloat16,torch.bfloat16,False,False
1248,2048,6144,False,torch.bfloat16,torch.bfloat16,False,False
1274,2048,6144,False,torch.bfloat16,torch.bfloat16,False,False
1319,2048,6144,False,torch.bfloat16,torch.bfloat16,False,False
1329,2048,6144,False,torch.bfloat16,torch.bfloat16,False,False
1331,2048,6144,False,torch.bfloat16,torch.bfloat16,False,False
1343,2048,6144,False,torch.bfloat16,torch.bfloat16,False,False
1351,2048,6144,False,torch.bfloat16,torch.bfloat16,False,False
1364,2048,6144,False,torch.bfloat16,torch.bfloat16,False,False
1376,2048,6144,False,torch.bfloat16,torch.bfloat16,False,False
1390,2048,6144,False,torch.bfloat16,torch.bfloat16,False,False
1392,2048,6144,False,torch.bfloat16,torch.bfloat16,False,False
1400,2048,6144,False,torch.bfloat16,torch.bfloat16,False,False
1402,2048,6144,False,torch.bfloat16,torch.bfloat16,False,False
1410,2048,6144,False,torch.bfloat16,torch.bfloat16,False,False
1416,2048,6144,False,torch.bfloat16,torch.bfloat16,False,False
1420,2048,6144,False,torch.bfloat16,torch.bfloat16,False,False
1434,2048,6144,False,torch.bfloat16,torch.bfloat16,False,False
1436,2048,6144,False,torch.bfloat16,torch.bfloat16,False,False
1444,2048,6144,False,torch.bfloat16,torch.bfloat16,False,False
1449,2048,6144,False,torch.bfloat16,torch.bfloat16,False,False
1460,2048,6144,False,torch.bfloat16,torch.bfloat16,False,False
1464,2048,6144,False,torch.bfloat16,torch.bfloat16,False,False
1468,2048,6144,False,torch.bfloat16,torch.bfloat16,False,False
1479,2048,6144,False,torch.bfloat16,torch.bfloat16,False,False
1484,2048,6144,False,torch.bfloat16,torch.bfloat16,False,False
1488,2048,6144,False,torch.bfloat16,torch.bfloat16,False,False
1498,2048,6144,False,torch.bfloat16,torch.bfloat16,False,False
1507,2048,6144,False,torch.bfloat16,torch.bfloat16,False,False
1508,2048,6144,False,torch.bfloat16,torch.bfloat16,False,False
1522,2048,6144,False,torch.bfloat16,torch.bfloat16,False,False
1525,2048,6144,False,torch.bfloat16,torch.bfloat16,False,False
1528,2048,6144,False,torch.bfloat16,torch.bfloat16,False,False
1532,2048,6144,False,torch.bfloat16,torch.bfloat16,False,False
1534,2048,6144,False,torch.bfloat16,torch.bfloat16,False,False
1536,2048,6144,False,torch.bfloat16,torch.bfloat16,False,False
1541,2048,6144,False,torch.bfloat16,torch.bfloat16,False,False
1544,2048,6144,False,torch.bfloat16,torch.bfloat16,False,False
1546,2048,6144,False,torch.bfloat16,torch.bfloat16,False,False
1547,2048,6144,False,torch.bfloat16,torch.bfloat16,False,False
1549,2048,6144,False,torch.bfloat16,torch.bfloat16,False,False
1553,2048,6144,False,torch.bfloat16,torch.bfloat16,False,False
1556,2048,6144,False,torch.bfloat16,torch.bfloat16,False,False
1557,2048,6144,False,torch.bfloat16,torch.bfloat16,False,False
1558,2048,6144,False,torch.bfloat16,torch.bfloat16,False,False
1562,2048,6144,False,torch.bfloat16,torch.bfloat16,False,False
1564,2048,6144,False,torch.bfloat16,torch.bfloat16,False,False
1568,2048,6144,False,torch.bfloat16,torch.bfloat16,False,False
1574,2048,6144,False,torch.bfloat16,torch.bfloat16,False,False
1581,2048,6144,False,torch.bfloat16,torch.bfloat16,False,False
1582,2048,6144,False,torch.bfloat16,torch.bfloat16,False,False
1584,2048,6144,False,torch.bfloat16,torch.bfloat16,False,False
1589,2048,6144,False,torch.bfloat16,torch.bfloat16,False,False
1599,2048,6144,False,torch.bfloat16,torch.bfloat16,False,False
1600,2048,6144,False,torch.bfloat16,torch.bfloat16,False,False
1601,2048,6144,False,torch.bfloat16,torch.bfloat16,False,False
1610,2048,6144,False,torch.bfloat16,torch.bfloat16,False,False
1613,2048,6144,False,torch.bfloat16,torch.bfloat16,False,False
1630,2048,6144,False,torch.bfloat16,torch.bfloat16,False,False
1641,2048,6144,False,torch.bfloat16,torch.bfloat16,False,False
1642,2048,6144,False,torch.bfloat16,torch.bfloat16,False,False
1644,2048,6144,False,torch.bfloat16,torch.bfloat16,False,False
1648,2048,6144,False,torch.bfloat16,torch.bfloat16,False,False
1649,2048,6144,False,torch.bfloat16,torch.bfloat16,False,False
1650,2048,6144,False,torch.bfloat16,torch.bfloat16,False,False
1654,2048,6144,False,torch.bfloat16,torch.bfloat16,False,False
1655,2048,6144,False,torch.bfloat16,torch.bfloat16,False,False
1659,2048,6144,False,torch.bfloat16,torch.bfloat16,False,False
1660,2048,6144,False,torch.bfloat16,torch.bfloat16,False,False
1661,2048,6144,False,torch.bfloat16,torch.bfloat16,False,False
1662,2048,6144,False,torch.bfloat16,torch.bfloat16,False,False
1669,2048,6144,False,torch.bfloat16,torch.bfloat16,False,False
1681,2048,6144,False,torch.bfloat16,torch.bfloat16,False,False
1684,2048,6144,False,torch.bfloat16,torch.bfloat16,False,False
1698,2048,6144,False,torch.bfloat16,torch.bfloat16,False,False
1700,2048,6144,False,torch.bfloat16,torch.bfloat16,False,False
1703,2048,6144,False,torch.bfloat16,torch.bfloat16,False,False
1705,2048,6144,False,torch.bfloat16,torch.bfloat16,False,False
1709,2048,6144,False,torch.bfloat16,torch.bfloat16,False,False
1710,2048,6144,False,torch.bfloat16,torch.bfloat16,False,False
1717,2048,6144,False,torch.bfloat16,torch.bfloat16,False,False
1722,2048,6144,False,torch.bfloat16,torch.bfloat16,False,False
1724,2048,6144,False,torch.bfloat16,torch.bfloat16,False,False
1729,2048,6144,False,torch.bfloat16,torch.bfloat16,False,False
1732,2048,6144,False,torch.bfloat16,torch.bfloat16,False,False
1733,2048,6144,False,torch.bfloat16,torch.bfloat16,False,False
1734,2048,6144,False,torch.bfloat16,torch.bfloat16,False,False
1737,2048,6144,False,torch.bfloat16,torch.bfloat16,False,False
1744,2048,6144,False,torch.bfloat16,torch.bfloat16,False,False
1756,2048,6144,False,torch.bfloat16,torch.bfloat16,False,False
1760,2048,6144,False,torch.bfloat16,torch.bfloat16,False,False
1761,2048,6144,False,torch.bfloat16,torch.bfloat16,False,False
1765,2048,6144,False,torch.bfloat16,torch.bfloat16,False,False
1774,2048,6144,False,torch.bfloat16,torch.bfloat16,False,False
1776,2048,6144,False,torch.bfloat16,torch.bfloat16,False,False
1777,2048,6144,False,torch.bfloat16,torch.bfloat16,False,False
1781,2048,6144,False,torch.bfloat16,torch.bfloat16,False,False
1783,2048,6144,False,torch.bfloat16,torch.bfloat16,False,False
1785,2048,6144,False,torch.bfloat16,torch.bfloat16,False,False
1786,2048,6144,False,torch.bfloat16,torch.bfloat16,False,False
1789,2048,6144,False,torch.bfloat16,torch.bfloat16,False,False
1795,2048,6144,False,torch.bfloat16,torch.bfloat16,False,False
1796,2048,6144,False,torch.bfloat16,torch.bfloat16,False,False
1801,2048,6144,False,torch.bfloat16,torch.bfloat16,False,False
1813,2048,6144,False,torch.bfloat16,torch.bfloat16,False,False
1817,2048,6144,False,torch.bfloat16,torch.bfloat16,False,False
1818,2048,6144,False,torch.bfloat16,torch.bfloat16,False,False
1820,2048,6144,False,torch.bfloat16,torch.bfloat16,False,False
1821,2048,6144,False,torch.bfloat16,torch.bfloat16,False,False
1824,2048,6144,False,torch.bfloat16,torch.bfloat16,False,False
1829,2048,6144,False,torch.bfloat16,torch.bfloat16,False,False
1833,2048,6144,False,torch.bfloat16,torch.bfloat16,False,False
1834,2048,6144,False,torch.bfloat16,torch.bfloat16,False,False
1837,2048,6144,False,torch.bfloat16,torch.bfloat16,False,False
1842,2048,6144,False,torch.bfloat16,torch.bfloat16,False,False
1844,2048,6144,False,torch.bfloat16,torch.bfloat16,False,False
1847,2048,6144,False,torch.bfloat16,torch.bfloat16,False,False
1848,2048,6144,False,torch.bfloat16,torch.bfloat16,False,False
1854,2048,6144,False,torch.bfloat16,torch.bfloat16,False,False
1855,2048,6144,False,torch.bfloat16,torch.bfloat16,False,False
1861,2048,6144,False,torch.bfloat16,torch.bfloat16,False,False
1865,2048,6144,False,torch.bfloat16,torch.bfloat16,False,False
1869,2048,6144,False,torch.bfloat16,torch.bfloat16,False,False
1870,2048,6144,False,torch.bfloat16,torch.bfloat16,False,False
1871,2048,6144,False,torch.bfloat16,torch.bfloat16,False,False
1878,2048,6144,False,torch.bfloat16,torch.bfloat16,False,False
1880,2048,6144,False,torch.bfloat16,torch.bfloat16,False,False
1882,2048,6144,False,torch.bfloat16,torch.bfloat16,False,False
1886,2048,6144,False,torch.bfloat16,torch.bfloat16,False,False
1893,2048,6144,False,torch.bfloat16,torch.bfloat16,False,False
1896,2048,6144,False,torch.bfloat16,torch.bfloat16,False,False
1897,2048,6144,False,torch.bfloat16,torch.bfloat16,False,False
1904,2048,6144,False,torch.bfloat16,torch.bfloat16,False,False
1907,2048,6144,False,torch.bfloat16,torch.bfloat16,False,False
1915,2048,6144,False,torch.bfloat16,torch.bfloat16,False,False
1916,2048,6144,False,torch.bfloat16,torch.bfloat16,False,False
1928,2048,6144,False,torch.bfloat16,torch.bfloat16,False,False
1929,2048,6144,False,torch.bfloat16,torch.bfloat16,False,False
1931,2048,6144,False,torch.bfloat16,torch.bfloat16,False,False
1933,2048,6144,False,torch.bfloat16,torch.bfloat16,False,False
1937,2048,6144,False,torch.bfloat16,torch.bfloat16,False,False
1942,2048,6144,False,torch.bfloat16,torch.bfloat16,False,False
1953,2048,6144,False,torch.bfloat16,torch.bfloat16,False,False
1955,2048,6144,False,torch.bfloat16,torch.bfloat16,False,False
1958,2048,6144,False,torch.bfloat16,torch.bfloat16,False,False
1959,2048,6144,False,torch.bfloat16,torch.bfloat16,False,False
1970,2048,6144,False,torch.bfloat16,torch.bfloat16,False,False
1971,2048,6144,False,torch.bfloat16,torch.bfloat16,False,False
1974,2048,6144,False,torch.bfloat16,torch.bfloat16,False,False
1977,2048,6144,False,torch.bfloat16,torch.bfloat16,False,False
1978,2048,6144,False,torch.bfloat16,torch.bfloat16,False,False
1983,2048,6144,False,torch.bfloat16,torch.bfloat16,False,False
1985,2048,6144,False,torch.bfloat16,torch.bfloat16,False,False
1995,2048,6144,False,torch.bfloat16,torch.bfloat16,False,False
1998,2048,6144,False,torch.bfloat16,torch.bfloat16,False,False
1999,2048,6144,False,torch.bfloat16,torch.bfloat16,False,False
2000,2048,6144,False,torch.bfloat16,torch.bfloat16,False,False
2004,2048,6144,False,torch.bfloat16,torch.bfloat16,False,False
2011,2048,6144,False,torch.bfloat16,torch.bfloat16,False,False
2013,2048,6144,False,torch.bfloat16,torch.bfloat16,False,False
2014,2048,6144,False,torch.bfloat16,torch.bfloat16,False,False
2025,2048,6144,False,torch.bfloat16,torch.bfloat16,False,False
2026,2048,6144,False,torch.bfloat16,torch.bfloat16,False,False
2035,2048,6144,False,torch.bfloat16,torch.bfloat16,False,False
2039,2048,6144,False,torch.bfloat16,torch.bfloat16,False,False
2043,2048,6144,False,torch.bfloat16,torch.bfloat16,False,False
2047,2048,6144,False,torch.bfloat16,torch.bfloat16,False,False
2049,2048,6144,False,torch.bfloat16,torch.bfloat16,False,False
2052,2048,6144,False,torch.bfloat16,torch.bfloat16,False,False
2053,2048,6144,False,torch.bfloat16,torch.bfloat16,False,False
2064,2048,6144,False,torch.bfloat16,torch.bfloat16,False,False
2068,2048,6144,False,torch.bfloat16,torch.bfloat16,False,False
2069,2048,6144,False,torch.bfloat16,torch.bfloat16,False,False
2073,2048,6144,False,torch.bfloat16,torch.bfloat16,False,False
2077,2048,6144,False,torch.bfloat16,torch.bfloat16,False,False
2079,2048,6144,False,torch.bfloat16,torch.bfloat16,False,False
2085,2048,6144,False,torch.bfloat16,torch.bfloat16,False,False
2089,2048,6144,False,torch.bfloat16,torch.bfloat16,False,False
2090,2048,6144,False,torch.bfloat16,torch.bfloat16,False,False
2103,2048,6144,False,torch.bfloat16,torch.bfloat16,False,False
2111,2048,6144,False,torch.bfloat16,torch.bfloat16,False,False
2113,2048,6144,False,torch.bfloat16,torch.bfloat16,False,False
2115,2048,6144,False,torch.bfloat16,torch.bfloat16,False,False
2123,2048,6144,False,torch.bfloat16,torch.bfloat16,False,False
2128,2048,6144,False,torch.bfloat16,torch.bfloat16,False,False
2131,2048,6144,False,torch.bfloat16,torch.bfloat16,False,False
2147,2048,6144,False,torch.bfloat16,torch.bfloat16,False,False
2149,2048,6144,False,torch.bfloat16,torch.bfloat16,False,False
2157,2048,6144,False,torch.bfloat16,torch.bfloat16,False,False
2161,2048,6144,False,torch.bfloat16,torch.bfloat16,False,False
2165,2048,6144,False,torch.bfloat16,torch.bfloat16,False,False
2166,2048,6144,False,torch.bfloat16,torch.bfloat16,False,False
2169,2048,6144,False,torch.bfloat16,torch.bfloat16,False,False
2181,2048,6144,False,torch.bfloat16,torch.bfloat16,False,False
2182,2048,6144,False,torch.bfloat16,torch.bfloat16,False,False
2183,2048,6144,False,torch.bfloat16,torch.bfloat16,False,False
2189,2048,6144,False,torch.bfloat16,torch.bfloat16,False,False
2195,2048,6144,False,torch.bfloat16,torch.bfloat16,False,False
2196,2048,6144,False,torch.bfloat16,torch.bfloat16,False,False
2201,2048,6144,False,torch.bfloat16,torch.bfloat16,False,False
2203,2048,6144,False,torch.bfloat16,torch.bfloat16,False,False
2205,2048,6144,False,torch.bfloat16,torch.bfloat16,False,False
2206,2048,6144,False,torch.bfloat16,torch.bfloat16,False,False
2207,2048,6144,False,torch.bfloat16,torch.bfloat16,False,False
2209,2048,6144,False,torch.bfloat16,torch.bfloat16,False,False
2210,2048,6144,False,torch.bfloat16,torch.bfloat16,False,False
2211,2048,6144,False,torch.bfloat16,torch.bfloat16,False,False
2215,2048,6144,False,torch.bfloat16,torch.bfloat16,False,False
2218,2048,6144,False,torch.bfloat16,torch.bfloat16,False,False
2221,2048,6144,False,torch.bfloat16,torch.bfloat16,False,False
2222,2048,6144,False,torch.bfloat16,torch.bfloat16,False,False
2226,2048,6144,False,torch.bfloat16,torch.bfloat16,False,False
2229,2048,6144,False,torch.bfloat16,torch.bfloat16,False,False
2233,2048,6144,False,torch.bfloat16,torch.bfloat16,False,False
2234,2048,6144,False,torch.bfloat16,torch.bfloat16,False,False
2242,2048,6144,False,torch.bfloat16,torch.bfloat16,False,False
2257,2048,6144,False,torch.bfloat16,torch.bfloat16,False,False
2274,2048,6144,False,torch.bfloat16,torch.bfloat16,False,False
2275,2048,6144,False,torch.bfloat16,torch.bfloat16,False,False
2281,2048,6144,False,torch.bfloat16,torch.bfloat16,False,False
2290,2048,6144,False,torch.bfloat16,torch.bfloat16,False,False
2293,2048,6144,False,torch.bfloat16,torch.bfloat16,False,False
2301,2048,6144,False,torch.bfloat16,torch.bfloat16,False,False
2329,2048,6144,False,torch.bfloat16,torch.bfloat16,False,False
2335,2048,6144,False,torch.bfloat16,torch.bfloat16,False,False
2336,2048,6144,False,torch.bfloat16,torch.bfloat16,False,False
2337,2048,6144,False,torch.bfloat16,torch.bfloat16,False,False
2345,2048,6144,False,torch.bfloat16,torch.bfloat16,False,False
2373,2048,6144,False,torch.bfloat16,torch.bfloat16,False,False
2376,2048,6144,False,torch.bfloat16,torch.bfloat16,False,False
2385,2048,6144,False,torch.bfloat16,torch.bfloat16,False,False
2389,2048,6144,False,torch.bfloat16,torch.bfloat16,False,False
2393,2048,6144,False,torch.bfloat16,torch.bfloat16,False,False
2395,2048,6144,False,torch.bfloat16,torch.bfloat16,False,False
2397,2048,6144,False,torch.bfloat16,torch.bfloat16,False,False
2401,2048,6144,False,torch.bfloat16,torch.bfloat16,False,False
2402,2048,6144,False,torch.bfloat16,torch.bfloat16,False,False
2410,2048,6144,False,torch.bfloat16,torch.bfloat16,False,False
2422,2048,6144,False,torch.bfloat16,torch.bfloat16,False,False
2430,2048,6144,False,torch.bfloat16,torch.bfloat16,False,False
2434,2048,6144,False,torch.bfloat16,torch.bfloat16,False,False
2447,2048,6144,False,torch.bfloat16,torch.bfloat16,False,False
2448,2048,6144,False,torch.bfloat16,torch.bfloat16,False,False
2449,2048,6144,False,torch.bfloat16,torch.bfloat16,False,False
2451,2048,6144,False,torch.bfloat16,torch.bfloat16,False,False
2461,2048,6144,False,torch.bfloat16,torch.bfloat16,False,False
2463,2048,6144,False,torch.bfloat16,torch.bfloat16,False,False
2471,2048,6144,False,torch.bfloat16,torch.bfloat16,False,False
2473,2048,6144,False,torch.bfloat16,torch.bfloat16,False,False
2483,2048,6144,False,torch.bfloat16,torch.bfloat16,False,False
2498,2048,6144,False,torch.bfloat16,torch.bfloat16,False,False
2501,2048,6144,False,torch.bfloat16,torch.bfloat16,False,False
2514,2048,6144,False,torch.bfloat16,torch.bfloat16,False,False
2517,2048,6144,False,torch.bfloat16,torch.bfloat16,False,False
2518,2048,6144,False,torch.bfloat16,torch.bfloat16,False,False
2554,2048,6144,False,torch.bfloat16,torch.bfloat16,False,False
2578,2048,6144,False,torch.bfloat16,torch.bfloat16,False,False
2581,2048,6144,False,torch.bfloat16,torch.bfloat16,False,False
2604,2048,6144,False,torch.bfloat16,torch.bfloat16,False,False
2611,2048,6144,False,torch.bfloat16,torch.bfloat16,False,False
2624,2048,6144,False,torch.bfloat16,torch.bfloat16,False,False
2626,2048,6144,False,torch.bfloat16,torch.bfloat16,False,False
2630,2048,6144,False,torch.bfloat16,torch.bfloat16,False,False
2649,2048,6144,False,torch.bfloat16,torch.bfloat16,False,False
2671,2048,6144,False,torch.bfloat16,torch.bfloat16,False,False
2688,2048,6144,False,torch.bfloat16,torch.bfloat16,False,False
2739,2048,6144,False,torch.bfloat16,torch.bfloat16,False,False
2744,2048,6144,False,torch.bfloat16,torch.bfloat16,False,False
2756,2048,6144,False,torch.bfloat16,torch.bfloat16,False,False
2766,2048,6144,False,torch.bfloat16,torch.bfloat16,False,False
2850,2048,6144,False,torch.bfloat16,torch.bfloat16,False,False
2852,2048,6144,False,torch.bfloat16,torch.bfloat16,False,False
2868,2048,6144,False,torch.bfloat16,torch.bfloat16,False,False
2947,2048,6144,False,torch.bfloat16,torch.bfloat16,False,False
2968,2048,6144,False,torch.bfloat16,torch.bfloat16,False,False
3004,2048,6144,False,torch.bfloat16,torch.bfloat16,False,False
3006,2048,6144,False,torch.bfloat16,torch.bfloat16,False,False
3036,2048,6144,False,torch.bfloat16,torch.bfloat16,False,False
3037,2048,6144,False,torch.bfloat16,torch.bfloat16,False,False
3059,2048,6144,False,torch.bfloat16,torch.bfloat16,False,False
3065,2048,6144,False,torch.bfloat16,torch.bfloat16,False,False
3069,2048,6144,False,torch.bfloat16,torch.bfloat16,False,False
3130,2048,6144,False,torch.bfloat16,torch.bfloat16,False,False
3132,2048,6144,False,torch.bfloat16,torch.bfloat16,False,False
3143,2048,6144,False,torch.bfloat16,torch.bfloat16,False,False
3145,2048,6144,False,torch.bfloat16,torch.bfloat16,False,False
3147,2048,6144,False,torch.bfloat16,torch.bfloat16,False,False
3148,2048,6144,False,torch.bfloat16,torch.bfloat16,False,False
3171,2048,6144,False,torch.bfloat16,torch.bfloat16,False,False
3193,2048,6144,False,torch.bfloat16,torch.bfloat16,False,False
3203,2048,6144,False,torch.bfloat16,torch.bfloat16,False,False
3206,2048,6144,False,torch.bfloat16,torch.bfloat16,False,False
3209,2048,6144,False,torch.bfloat16,torch.bfloat16,False,False
3221,2048,6144,False,torch.bfloat16,torch.bfloat16,False,False
3229,2048,6144,False,torch.bfloat16,torch.bfloat16,False,False
3234,2048,6144,False,torch.bfloat16,torch.bfloat16,False,False
3248,2048,6144,False,torch.bfloat16,torch.bfloat16,False,False
3262,2048,6144,False,torch.bfloat16,torch.bfloat16,False,False
3267,2048,6144,False,torch.bfloat16,torch.bfloat16,False,False
3275,2048,6144,False,torch.bfloat16,torch.bfloat16,False,False
3284,2048,6144,False,torch.bfloat16,torch.bfloat16,False,False
3291,2048,6144,False,torch.bfloat16,torch.bfloat16,False,False
3293,2048,6144,False,torch.bfloat16,torch.bfloat16,False,False
3301,2048,6144,False,torch.bfloat16,torch.bfloat16,False,False
3331,2048,6144,False,torch.bfloat16,torch.bfloat16,False,False
3345,2048,6144,False,torch.bfloat16,torch.bfloat16,False,False
3376,2048,6144,False,torch.bfloat16,torch.bfloat16,False,False
3383,2048,6144,False,torch.bfloat16,torch.bfloat16,False,False
3389,2048,6144,False,torch.bfloat16,torch.bfloat16,False,False
3405,2048,6144,False,torch.bfloat16,torch.bfloat16,False,False
3419,2048,6144,False,torch.bfloat16,torch.bfloat16,False,False
3424,2048,6144,False,torch.bfloat16,torch.bfloat16,False,False
3432,2048,6144,False,torch.bfloat16,torch.bfloat16,False,False
3459,2048,6144,False,torch.bfloat16,torch.bfloat16,False,False
3461,2048,6144,False,torch.bfloat16,torch.bfloat16,False,False
3473,2048,6144,False,torch.bfloat16,torch.bfloat16,False,False
3477,2048,6144,False,torch.bfloat16,torch.bfloat16,False,False
3488,2048,6144,False,torch.bfloat16,torch.bfloat16,False,False
3491,2048,6144,False,torch.bfloat16,torch.bfloat16,False,False
3501,2048,6144,False,torch.bfloat16,torch.bfloat16,False,False
3504,2048,6144,False,torch.bfloat16,torch.bfloat16,False,False
3509,2048,6144,False,torch.bfloat16,torch.bfloat16,False,False
3530,2048,6144,False,torch.bfloat16,torch.bfloat16,False,False
3547,2048,6144,False,torch.bfloat16,torch.bfloat16,False,False
3549,2048,6144,False,torch.bfloat16,torch.bfloat16,False,False
3559,2048,6144,False,torch.bfloat16,torch.bfloat16,False,False
3561,2048,6144,False,torch.bfloat16,torch.bfloat16,False,False
3585,2048,6144,False,torch.bfloat16,torch.bfloat16,False,False
3603,2048,6144,False,torch.bfloat16,torch.bfloat16,False,False
3606,2048,6144,False,torch.bfloat16,torch.bfloat16,False,False
3607,2048,6144,False,torch.bfloat16,torch.bfloat16,False,False
3610,2048,6144,False,torch.bfloat16,torch.bfloat16,False,False
3612,2048,6144,False,torch.bfloat16,torch.bfloat16,False,False
3616,2048,6144,False,torch.bfloat16,torch.bfloat16,False,False
3622,2048,6144,False,torch.bfloat16,torch.bfloat16,False,False
3647,2048,6144,False,torch.bfloat16,torch.bfloat16,False,False
3651,2048,6144,False,torch.bfloat16,torch.bfloat16,False,False
3653,2048,6144,False,torch.bfloat16,torch.bfloat16,False,False
3656,2048,6144,False,torch.bfloat16,torch.bfloat16,False,False
3659,2048,6144,False,torch.bfloat16,torch.bfloat16,False,False
3661,2048,6144,False,torch.bfloat16,torch.bfloat16,False,False
3671,2048,6144,False,torch.bfloat16,torch.bfloat16,False,False
3673,2048,6144,False,torch.bfloat16,torch.bfloat16,False,False
3690,2048,6144,False,torch.bfloat16,torch.bfloat16,False,False
3699,2048,6144,False,torch.bfloat16,torch.bfloat16,False,False
3705,2048,6144,False,torch.bfloat16,torch.bfloat16,False,False
3712,2048,6144,False,torch.bfloat16,torch.bfloat16,False,False
3714,2048,6144,False,torch.bfloat16,torch.bfloat16,False,False
3717,2048,6144,False,torch.bfloat16,torch.bfloat16,False,False
3730,2048,6144,False,torch.bfloat16,torch.bfloat16,False,False
3731,2048,6144,False,torch.bfloat16,torch.bfloat16,False,False
3740,2048,6144,False,torch.bfloat16,torch.bfloat16,False,False
3752,2048,6144,False,torch.bfloat16,torch.bfloat16,False,False
3757,2048,6144,False,torch.bfloat16,torch.bfloat16,False,False
3780,2048,6144,False,torch.bfloat16,torch.bfloat16,False,False
3793,2048,6144,False,torch.bfloat16,torch.bfloat16,False,False
3822,2048,6144,False,torch.bfloat16,torch.bfloat16,False,False
3851,2048,6144,False,torch.bfloat16,torch.bfloat16,False,False
3858,2048,6144,False,torch.bfloat16,torch.bfloat16,False,False
3860,2048,6144,False,torch.bfloat16,torch.bfloat16,False,False
3966,2048,6144,False,torch.bfloat16,torch.bfloat16,False,False
3968,2048,6144,False,torch.bfloat16,torch.bfloat16,False,False
3970,2048,6144,False,torch.bfloat16,torch.bfloat16,False,False
4018,2048,6144,False,torch.bfloat16,torch.bfloat16,False,False
4028,2048,6144,False,torch.bfloat16,torch.bfloat16,False,False
4029,2048,6144,False,torch.bfloat16,torch.bfloat16,False,False
4030,2048,6144,False,torch.bfloat16,torch.bfloat16,False,False
4067,2048,6144,False,torch.bfloat16,torch.bfloat16,False,False
4077,2048,6144,False,torch.bfloat16,torch.bfloat16,False,False
4085,2048,6144,False,torch.bfloat16,torch.bfloat16,False,False
4121,2048,6144,False,torch.bfloat16,torch.bfloat16,False,False
4131,2048,6144,False,torch.bfloat16,torch.bfloat16,False,False
4134,2048,6144,False,torch.bfloat16,torch.bfloat16,False,False
4138,2048,6144,False,torch.bfloat16,torch.bfloat16,False,False
4142,2048,6144,False,torch.bfloat16,torch.bfloat16,False,False
4147,2048,6144,False,torch.bfloat16,torch.bfloat16,False,False
4154,2048,6144,False,torch.bfloat16,torch.bfloat16,False,False
4169,2048,6144,False,torch.bfloat16,torch.bfloat16,False,False
4177,2048,6144,False,torch.bfloat16,torch.bfloat16,False,False
4200,2048,6144,False,torch.bfloat16,torch.bfloat16,False,False
4219,2048,6144,False,torch.bfloat16,torch.bfloat16,False,False
4220,2048,6144,False,torch.bfloat16,torch.bfloat16,False,False
4228,2048,6144,False,torch.bfloat16,torch.bfloat16,False,False
4261,2048,6144,False,torch.bfloat16,torch.bfloat16,False,False
4285,2048,6144,False,torch.bfloat16,torch.bfloat16,False,False
4296,2048,6144,False,torch.bfloat16,torch.bfloat16,False,False
4299,2048,6144,False,torch.bfloat16,torch.bfloat16,False,False
4303,2048,6144,False,torch.bfloat16,torch.bfloat16,False,False
4333,2048,6144,False,torch.bfloat16,torch.bfloat16,False,False
4354,2048,6144,False,torch.bfloat16,torch.bfloat16,False,False
4355,2048,6144,False,torch.bfloat16,torch.bfloat16,False,False
4361,2048,6144,False,torch.bfloat16,torch.bfloat16,False,False
4370,2048,6144,False,torch.bfloat16,torch.bfloat16,False,False
4377,2048,6144,False,torch.bfloat16,torch.bfloat16,False,False
4380,2048,6144,False,torch.bfloat16,torch.bfloat16,False,False
4381,2048,6144,False,torch.bfloat16,torch.bfloat16,False,False
4409,2048,6144,False,torch.bfloat16,torch.bfloat16,False,False
4417,2048,6144,False,torch.bfloat16,torch.bfloat16,False,False
4419,2048,6144,False,torch.bfloat16,torch.bfloat16,False,False
4438,2048,6144,False,torch.bfloat16,torch.bfloat16,False,False
4442,2048,6144,False,torch.bfloat16,torch.bfloat16,False,False
4449,2048,6144,False,torch.bfloat16,torch.bfloat16,False,False
4458,2048,6144,False,torch.bfloat16,torch.bfloat16,False,False
4493,2048,6144,False,torch.bfloat16,torch.bfloat16,False,False
4496,2048,6144,False,torch.bfloat16,torch.bfloat16,False,False
4499,2048,6144,False,torch.bfloat16,torch.bfloat16,False,False
4507,2048,6144,False,torch.bfloat16,torch.bfloat16,False,False
4533,2048,6144,False,torch.bfloat16,torch.bfloat16,False,False
4537,2048,6144,False,torch.bfloat16,torch.bfloat16,False,False
4542,2048,6144,False,torch.bfloat16,torch.bfloat16,False,False
4546,2048,6144,False,torch.bfloat16,torch.bfloat16,False,False
4549,2048,6144,False,torch.bfloat16,torch.bfloat16,False,False
4594,2048,6144,False,torch.bfloat16,torch.bfloat16,False,False
4601,2048,6144,False,torch.bfloat16,torch.bfloat16,False,False
4619,2048,6144,False,torch.bfloat16,torch.bfloat16,False,False
4644,2048,6144,False,torch.bfloat16,torch.bfloat16,False,False
4649,2048,6144,False,torch.bfloat16,torch.bfloat16,False,False
4651,2048,6144,False,torch.bfloat16,torch.bfloat16,False,False
4666,2048,6144,False,torch.bfloat16,torch.bfloat16,False,False
4671,2048,6144,False,torch.bfloat16,torch.bfloat16,False,False
4687,2048,6144,False,torch.bfloat16,torch.bfloat16,False,False
4726,2048,6144,False,torch.bfloat16,torch.bfloat16,False,False
4773,2048,6144,False,torch.bfloat16,torch.bfloat16,False,False
4837,2048,6144,False,torch.bfloat16,torch.bfloat16,False,False
4854,2048,6144,False,torch.bfloat16,torch.bfloat16,False,False
4921,2048,6144,False,torch.bfloat16,torch.bfloat16,False,False
4951,2048,6144,False,torch.bfloat16,torch.bfloat16,False,False
4965,2048,6144,False,torch.bfloat16,torch.bfloat16,False,False
4999,2048,6144,False,torch.bfloat16,torch.bfloat16,False,False
5024,2048,6144,False,torch.bfloat16,torch.bfloat16,False,False
5039,2048,6144,False,torch.bfloat16,torch.bfloat16,False,False
5041,2048,6144,False,torch.bfloat16,torch.bfloat16,False,False
5047,2048,6144,False,torch.bfloat16,torch.bfloat16,False,False
5051,2048,6144,False,torch.bfloat16,torch.bfloat16,False,False
5052,2048,6144,False,torch.bfloat16,torch.bfloat16,False,False
5063,2048,6144,False,torch.bfloat16,torch.bfloat16,False,False
5075,2048,6144,False,torch.bfloat16,torch.bfloat16,False,False
5111,2048,6144,False,torch.bfloat16,torch.bfloat16,False,False
5114,2048,6144,False,torch.bfloat16,torch.bfloat16,False,False
5130,2048,6144,False,torch.bfloat16,torch.bfloat16,False,False
5134,2048,6144,False,torch.bfloat16,torch.bfloat16,False,False
5150,2048,6144,False,torch.bfloat16,torch.bfloat16,False,False
5154,2048,6144,False,torch.bfloat16,torch.bfloat16,False,False
5163,2048,6144,False,torch.bfloat16,torch.bfloat16,False,False
5181,2048,6144,False,torch.bfloat16,torch.bfloat16,False,False
5210,2048,6144,False,torch.bfloat16,torch.bfloat16,False,False
5253,2048,6144,False,torch.bfloat16,torch.bfloat16,False,False
5265,2048,6144,False,torch.bfloat16,torch.bfloat16,False,False
5269,2048,6144,False,torch.bfloat16,torch.bfloat16,False,False
5271,2048,6144,False,torch.bfloat16,torch.bfloat16,False,False
5308,2048,6144,False,torch.bfloat16,torch.bfloat16,False,False
5309,2048,6144,False,torch.bfloat16,torch.bfloat16,False,False
5487,2048,6144,False,torch.bfloat16,torch.bfloat16,False,False
5501,2048,6144,False,torch.bfloat16,torch.bfloat16,False,False
5512,2048,6144,False,torch.bfloat16,torch.bfloat16,False,False
5514,2048,6144,False,torch.bfloat16,torch.bfloat16,False,False
5567,2048,6144,False,torch.bfloat16,torch.bfloat16,False,False
5572,2048,6144,False,torch.bfloat16,torch.bfloat16,False,False
5573,2048,6144,False,torch.bfloat16,torch.bfloat16,False,False
5578,2048,6144,False,torch.bfloat16,torch.bfloat16,False,False
5589,2048,6144,False,torch.bfloat16,torch.bfloat16,False,False
5595,2048,6144,False,torch.bfloat16,torch.bfloat16,False,False
5614,2048,6144,False,torch.bfloat16,torch.bfloat16,False,False
5625,2048,6144,False,torch.bfloat16,torch.bfloat16,False,False
5629,2048,6144,False,torch.bfloat16,torch.bfloat16,False,False
5667,2048,6144,False,torch.bfloat16,torch.bfloat16,False,False
5672,2048,6144,False,torch.bfloat16,torch.bfloat16,False,False
5679,2048,6144,False,torch.bfloat16,torch.bfloat16,False,False
5707,2048,6144,False,torch.bfloat16,torch.bfloat16,False,False
5803,2048,6144,False,torch.bfloat16,torch.bfloat16,False,False
5817,2048,6144,False,torch.bfloat16,torch.bfloat16,False,False
5824,2048,6144,False,torch.bfloat16,torch.bfloat16,False,False
5829,2048,6144,False,torch.bfloat16,torch.bfloat16,False,False
5909,2048,6144,False,torch.bfloat16,torch.bfloat16,False,False
5985,2048,6144,False,torch.bfloat16,torch.bfloat16,False,False
5986,2048,6144,False,torch.bfloat16,torch.bfloat16,False,False
6051,2048,6144,False,torch.bfloat16,torch.bfloat16,False,False
6077,2048,6144,False,torch.bfloat16,torch.bfloat16,False,False
6081,2048,6144,False,torch.bfloat16,torch.bfloat16,False,False
6131,2048,6144,False,torch.bfloat16,torch.bfloat16,False,False
6143,2048,6144,False,torch.bfloat16,torch.bfloat16,False,False
6153,2048,6144,False,torch.bfloat16,torch.bfloat16,False,False
6160,2048,6144,False,torch.bfloat16,torch.bfloat16,False,False
6176,2048,6144,False,torch.bfloat16,torch.bfloat16,False,False
6183,2048,6144,False,torch.bfloat16,torch.bfloat16,False,False
6184,2048,6144,False,torch.bfloat16,torch.bfloat16,False,False
6204,2048,6144,False,torch.bfloat16,torch.bfloat16,False,False
6212,2048,6144,False,torch.bfloat16,torch.bfloat16,False,False
6265,2048,6144,False,torch.bfloat16,torch.bfloat16,False,False
6292,2048,6144,False,torch.bfloat16,torch.bfloat16,False,False
6307,2048,6144,False,torch.bfloat16,torch.bfloat16,False,False
6335,2048,6144,False,torch.bfloat16,torch.bfloat16,False,False
6340,2048,6144,False,torch.bfloat16,torch.bfloat16,False,False
6347,2048,6144,False,torch.bfloat16,torch.bfloat16,False,False
6357,2048,6144,False,torch.bfloat16,torch.bfloat16,False,False
6371,2048,6144,False,torch.bfloat16,torch.bfloat16,False,False
6384,2048,6144,False,torch.bfloat16,torch.bfloat16,False,False
6385,2048,6144,False,torch.bfloat16,torch.bfloat16,False,False
6396,2048,6144,False,torch.bfloat16,torch.bfloat16,False,False
6408,2048,6144,False,torch.bfloat16,torch.bfloat16,False,False
6462,2048,6144,False,torch.bfloat16,torch.bfloat16,False,False
6520,2048,6144,False,torch.bfloat16,torch.bfloat16,False,False
6542,2048,6144,False,torch.bfloat16,torch.bfloat16,False,False
6550,2048,6144,False,torch.bfloat16,torch.bfloat16,False,False
6591,2048,6144,False,torch.bfloat16,torch.bfloat16,False,False
6608,2048,6144,False,torch.bfloat16,torch.bfloat16,False,False
6614,2048,6144,False,torch.bfloat16,torch.bfloat16,False,False
6634,2048,6144,False,torch.bfloat16,torch.bfloat16,False,False
6635,2048,6144,False,torch.bfloat16,torch.bfloat16,False,False
6679,2048,6144,False,torch.bfloat16,torch.bfloat16,False,False
6685,2048,6144,False,torch.bfloat16,torch.bfloat16,False,False
6779,2048,6144,False,torch.bfloat16,torch.bfloat16,False,False
6817,2048,6144,False,torch.bfloat16,torch.bfloat16,False,False
6851,2048,6144,False,torch.bfloat16,torch.bfloat16,False,False
6879,2048,6144,False,torch.bfloat16,torch.bfloat16,False,False
6940,2048,6144,False,torch.bfloat16,torch.bfloat16,False,False
6945,2048,6144,False,torch.bfloat16,torch.bfloat16,False,False
6982,2048,6144,False,torch.bfloat16,torch.bfloat16,False,False
6991,2048,6144,False,torch.bfloat16,torch.bfloat16,False,False
6999,2048,6144,False,torch.bfloat16,torch.bfloat16,False,False
7027,2048,6144,False,torch.bfloat16,torch.bfloat16,False,False
7034,2048,6144,False,torch.bfloat16,torch.bfloat16,False,False
7048,2048,6144,False,torch.bfloat16,torch.bfloat16,False,False
7072,2048,6144,False,torch.bfloat16,torch.bfloat16,False,False
7125,2048,6144,False,torch.bfloat16,torch.bfloat16,False,False
7136,2048,6144,False,torch.bfloat16,torch.bfloat16,False,False
7181,2048,6144,False,torch.bfloat16,torch.bfloat16,False,False
7235,2048,6144,False,torch.bfloat16,torch.bfloat16,False,False
7247,2048,6144,False,torch.bfloat16,torch.bfloat16,False,False
7267,2048,6144,False,torch.bfloat16,torch.bfloat16,False,False
7287,2048,6144,False,torch.bfloat16,torch.bfloat16,False,False
7376,2048,6144,False,torch.bfloat16,torch.bfloat16,False,False
7386,2048,6144,False,torch.bfloat16,torch.bfloat16,False,False
7418,2048,6144,False,torch.bfloat16,torch.bfloat16,False,False
7419,2048,6144,False,torch.bfloat16,torch.bfloat16,False,False
7450,2048,6144,False,torch.bfloat16,torch.bfloat16,False,False
7511,2048,6144,False,torch.bfloat16,torch.bfloat16,False,False
7563,2048,6144,False,torch.bfloat16,torch.bfloat16,False,False
7568,2048,6144,False,torch.bfloat16,torch.bfloat16,False,False
7569,2048,6144,False,torch.bfloat16,torch.bfloat16,False,False
7616,2048,6144,False,torch.bfloat16,torch.bfloat16,False,False
7667,2048,6144,False,torch.bfloat16,torch.bfloat16,False,False
7716,2048,6144,False,torch.bfloat16,torch.bfloat16,False,False
7749,2048,6144,False,torch.bfloat16,torch.bfloat16,False,False
7766,2048,6144,False,torch.bfloat16,torch.bfloat16,False,False
7785,2048,6144,False,torch.bfloat16,torch.bfloat16,False,False
7797,2048,6144,False,torch.bfloat16,torch.bfloat16,False,False
7859,2048,6144,False,torch.bfloat16,torch.bfloat16,False,False
7875,2048,6144,False,torch.bfloat16,torch.bfloat16,False,False
7882,2048,6144,False,torch.bfloat16,torch.bfloat16,False,False
7903,2048,6144,False,torch.bfloat16,torch.bfloat16,False,False
7923,2048,6144,False,torch.bfloat16,torch.bfloat16,False,False
7942,2048,6144,False,torch.bfloat16,torch.bfloat16,False,False
7991,2048,6144,False,torch.bfloat16,torch.bfloat16,False,False
8015,2048,6144,False,torch.bfloat16,torch.bfloat16,False,False
8099,2048,6144,False,torch.bfloat16,torch.bfloat16,False,False
8156,2048,6144,False,torch.bfloat16,torch.bfloat16,False,False
8207,2048,6144,False,torch.bfloat16,torch.bfloat16,False,False
8268,2048,6144,False,torch.bfloat16,torch.bfloat16,False,False
8276,2048,6144,False,torch.bfloat16,torch.bfloat16,False,False
8301,2048,6144,False,torch.bfloat16,torch.bfloat16,False,False
8323,2048,6144,False,torch.bfloat16,torch.bfloat16,False,False
8350,2048,6144,False,torch.bfloat16,torch.bfloat16,False,False
8361,2048,6144,False,torch.bfloat16,torch.bfloat16,False,False
8372,2048,6144,False,torch.bfloat16,torch.bfloat16,False,False
8411,2048,6144,False,torch.bfloat16,torch.bfloat16,False,False
8512,2048,6144,False,torch.bfloat16,torch.bfloat16,False,False
8522,2048,6144,False,torch.bfloat16,torch.bfloat16,False,False
8566,2048,6144,False,torch.bfloat16,torch.bfloat16,False,False
8572,2048,6144,False,torch.bfloat16,torch.bfloat16,False,False
8617,2048,6144,False,torch.bfloat16,torch.bfloat16,False,False
8684,2048,6144,False,torch.bfloat16,torch.bfloat16,False,False
8689,2048,6144,False,torch.bfloat16,torch.bfloat16,False,False
8714,2048,6144,False,torch.bfloat16,torch.bfloat16,False,False
8792,2048,6144,False,torch.bfloat16,torch.bfloat16,False,False
8955,2048,6144,False,torch.bfloat16,torch.bfloat16,False,False
9023,2048,6144,False,torch.bfloat16,torch.bfloat16,False,False
9026,2048,6144,False,torch.bfloat16,torch.bfloat16,False,False
9048,2048,6144,False,torch.bfloat16,torch.bfloat16,False,False
9121,2048,6144,False,torch.bfloat16,torch.bfloat16,False,False
9177,2048,6144,False,torch.bfloat16,torch.bfloat16,False,False
9186,2048,6144,False,torch.bfloat16,torch.bfloat16,False,False
9229,2048,6144,False,torch.bfloat16,torch.bfloat16,False,False
9277,2048,6144,False,torch.bfloat16,torch.bfloat16,False,False
9319,2048,6144,False,torch.bfloat16,torch.bfloat16,False,False
9351,2048,6144,False,torch.bfloat16,torch.bfloat16,False,False
9377,2048,6144,False,torch.bfloat16,torch.bfloat16,False,False
9448,2048,6144,False,torch.bfloat16,torch.bfloat16,False,False
9501,2048,6144,False,torch.bfloat16,torch.bfloat16,False,False
9609,2048,6144,False,torch.bfloat16,torch.bfloat16,False,False
9634,2048,6144,False,torch.bfloat16,torch.bfloat16,False,False
9716,2048,6144,False,torch.bfloat16,torch.bfloat16,False,False
9799,2048,6144,False,torch.bfloat16,torch.bfloat16,False,False
9808,2048,6144,False,torch.bfloat16,torch.bfloat16,False,False
9811,2048,6144,False,torch.bfloat16,torch.bfloat16,False,False
9817,2048,6144,False,torch.bfloat16,torch.bfloat16,False,False
9839,2048,6144,False,torch.bfloat16,torch.bfloat16,False,False
9845,2048,6144,False,torch.bfloat16,torch.bfloat16,False,False
9917,2048,6144,False,torch.bfloat16,torch.bfloat16,False,False
9922,2048,6144,False,torch.bfloat16,torch.bfloat16,False,False
9930,2048,6144,False,torch.bfloat16,torch.bfloat16,False,False
9955,2048,6144,False,torch.bfloat16,torch.bfloat16,False,False
9959,2048,6144,False,torch.bfloat16,torch.bfloat16,False,False
9972,2048,6144,False,torch.bfloat16,torch.bfloat16,False,False
9980,2048,6144,False,torch.bfloat16,torch.bfloat16,False,False
10012,2048,6144,False,torch.bfloat16,torch.bfloat16,False,False
10015,2048,6144,False,torch.bfloat16,torch.bfloat16,False,False
10043,2048,6144,False,torch.bfloat16,torch.bfloat16,False,False
10055,2048,6144,False,torch.bfloat16,torch.bfloat16,False,False
10070,2048,6144,False,torch.bfloat16,torch.bfloat16,False,False
10098,2048,6144,False,torch.bfloat16,torch.bfloat16,False,False
10111,2048,6144,False,torch.bfloat16,torch.bfloat16,False,False
10122,2048,6144,False,torch.bfloat16,torch.bfloat16,False,False
10146,2048,6144,False,torch.bfloat16,torch.bfloat16,False,False
10168,2048,6144,False,torch.bfloat16,torch.bfloat16,False,False
10311,2048,6144,False,torch.bfloat16,torch.bfloat16,False,False
10329,2048,6144,False,torch.bfloat16,torch.bfloat16,False,False
10424,2048,6144,False,torch.bfloat16,torch.bfloat16,False,False
10465,2048,6144,False,torch.bfloat16,torch.bfloat16,False,False
10621,2048,6144,False,torch.bfloat16,torch.bfloat16,False,False
10737,2048,6144,False,torch.bfloat16,torch.bfloat16,False,False
10738,2048,6144,False,torch.bfloat16,torch.bfloat16,False,False
10776,2048,6144,False,torch.bfloat16,torch.bfloat16,False,False
10842,2048,6144,False,torch.bfloat16,torch.bfloat16,False,False
10889,2048,6144,False,torch.bfloat16,torch.bfloat16,False,False
10956,2048,6144,False,torch.bfloat16,torch.bfloat16,False,False
10971,2048,6144,False,torch.bfloat16,torch.bfloat16,False,False
11043,2048,6144,False,torch.bfloat16,torch.bfloat16,False,False
11072,2048,6144,False,torch.bfloat16,torch.bfloat16,False,False
11107,2048,6144,False,torch.bfloat16,torch.bfloat16,False,False
11287,2048,6144,False,torch.bfloat16,torch.bfloat16,False,False
11338,2048,6144,False,torch.bfloat16,torch.bfloat16,False,False
11419,2048,6144,False,torch.bfloat16,torch.bfloat16,False,False
11447,2048,6144,False,torch.bfloat16,torch.bfloat16,False,False
11537,2048,6144,False,torch.bfloat16,torch.bfloat16,False,False
11595,2048,6144,False,torch.bfloat16,torch.bfloat16,False,False
11678,2048,6144,False,torch.bfloat16,torch.bfloat16,False,False
11716,2048,6144,False,torch.bfloat16,torch.bfloat16,False,False
11876,2048,6144,False,torch.bfloat16,torch.bfloat16,False,False
11945,2048,6144,False,torch.bfloat16,torch.bfloat16,False,False
11947,2048,6144,False,torch.bfloat16,torch.bfloat16,False,False
11963,2048,6144,False,torch.bfloat16,torch.bfloat16,False,False
11966,2048,6144,False,torch.bfloat16,torch.bfloat16,False,False
12012,2048,6144,False,torch.bfloat16,torch.bfloat16,False,False
12068,2048,6144,False,torch.bfloat16,torch.bfloat16,False,False
12222,2048,6144,False,torch.bfloat16,torch.bfloat16,False,False
12233,2048,6144,False,torch.bfloat16,torch.bfloat16,False,False
12281,2048,6144,False,torch.bfloat16,torch.bfloat16,False,False
12389,2048,6144,False,torch.bfloat16,torch.bfloat16,False,False
12527,2048,6144,False,torch.bfloat16,torch.bfloat16,False,False
12581,2048,6144,False,torch.bfloat16,torch.bfloat16,False,False
12765,2048,6144,False,torch.bfloat16,torch.bfloat16,False,False
12789,2048,6144,False,torch.bfloat16,torch.bfloat16,False,False
12829,2048,6144,False,torch.bfloat16,torch.bfloat16,False,False
12917,2048,6144,False,torch.bfloat16,torch.bfloat16,False,False
13097,2048,6144,False,torch.bfloat16,torch.bfloat16,False,False
13219,2048,6144,False,torch.bfloat16,torch.bfloat16,False,False
13339,2048,6144,False,torch.bfloat16,torch.bfloat16,False,False
13410,2048,6144,False,torch.bfloat16,torch.bfloat16,False,False
13434,2048,6144,False,torch.bfloat16,torch.bfloat16,False,False
13454,2048,6144,False,torch.bfloat16,torch.bfloat16,False,False
13534,2048,6144,False,torch.bfloat16,torch.bfloat16,False,False
13561,2048,6144,False,torch.bfloat16,torch.bfloat16,False,False
13571,2048,6144,False,torch.bfloat16,torch.bfloat16,False,False
13577,2048,6144,False,torch.bfloat16,torch.bfloat16,False,False
13633,2048,6144,False,torch.bfloat16,torch.bfloat16,False,False
13646,2048,6144,False,torch.bfloat16,torch.bfloat16,False,False
13703,2048,6144,False,torch.bfloat16,torch.bfloat16,False,False
13877,2048,6144,False,torch.bfloat16,torch.bfloat16,False,False
13910,2048,6144,False,torch.bfloat16,torch.bfloat16,False,False
14042,2048,6144,False,torch.bfloat16,torch.bfloat16,False,False
14069,2048,6144,False,torch.bfloat16,torch.bfloat16,False,False
14259,2048,6144,False,torch.bfloat16,torch.bfloat16,False,False
14326,2048,6144,False,torch.bfloat16,torch.bfloat16,False,False
14398,2048,6144,False,torch.bfloat16,torch.bfloat16,False,False
14411,2048,6144,False,torch.bfloat16,torch.bfloat16,False,False
14529,2048,6144,False,torch.bfloat16,torch.bfloat16,False,False
14560,2048,6144,False,torch.bfloat16,torch.bfloat16,False,False
14561,2048,6144,False,torch.bfloat16,torch.bfloat16,False,False
14562,2048,6144,False,torch.bfloat16,torch.bfloat16,False,False
14675,2048,6144,False,torch.bfloat16,torch.bfloat16,False,False
14689,2048,6144,False,torch.bfloat16,torch.bfloat16,False,False
14878,2048,6144,False,torch.bfloat16,torch.bfloat16,False,False
14902,2048,6144,False,torch.bfloat16,torch.bfloat16,False,False
14903,2048,6144,False,torch.bfloat16,torch.bfloat16,False,False
14916,2048,6144,False,torch.bfloat16,torch.bfloat16,False,False
14930,2048,6144,False,torch.bfloat16,torch.bfloat16,False,False
14948,2048,6144,False,torch.bfloat16,torch.bfloat16,False,False
15005,2048,6144,False,torch.bfloat16,torch.bfloat16,False,False
15008,2048,6144,False,torch.bfloat16,torch.bfloat16,False,False
15012,2048,6144,False,torch.bfloat16,torch.bfloat16,False,False
15020,2048,6144,False,torch.bfloat16,torch.bfloat16,False,False
15044,2048,6144,False,torch.bfloat16,torch.bfloat16,False,False
15074,2048,6144,False,torch.bfloat16,torch.bfloat16,False,False
15082,2048,6144,False,torch.bfloat16,torch.bfloat16,False,False
15126,2048,6144,False,torch.bfloat16,torch.bfloat16,False,False
15142,2048,6144,False,torch.bfloat16,torch.bfloat16,False,False
15170,2048,6144,False,torch.bfloat16,torch.bfloat16,False,False
15259,2048,6144,False,torch.bfloat16,torch.bfloat16,False,False
15261,2048,6144,False,torch.bfloat16,torch.bfloat16,False,False
15379,2048,6144,False,torch.bfloat16,torch.bfloat16,False,False
15521,2048,6144,False,torch.bfloat16,torch.bfloat16,False,False
15536,2048,6144,False,torch.bfloat16,torch.bfloat16,False,False
15882,2048,6144,False,torch.bfloat16,torch.bfloat16,False,False
15937,2048,6144,False,torch.bfloat16,torch.bfloat16,False,False
15980,2048,6144,False,torch.bfloat16,torch.bfloat16,False,False
16023,2048,6144,False,torch.bfloat16,torch.bfloat16,False,False
16097,2048,6144,False,torch.bfloat16,torch.bfloat16,False,False
16167,2048,6144,False,torch.bfloat16,torch.bfloat16,False,False
16233,2048,6144,False,torch.bfloat16,torch.bfloat16,False,False
16246,2048,6144,False,torch.bfloat16,torch.bfloat16,False,False
16256,2048,6144,False,torch.bfloat16,torch.bfloat16,False,False
16371,2048,6144,False,torch.bfloat16,torch.bfloat16,False,False
16384,2048,6144,False,torch.bfloat16,torch.bfloat16,False,False
