gfx,cu_num,M,N,K,libtype,kernelId,splitK,us,kernelName,tflops,bw,errRatio
gfx950,256,1,512,6144,ck,8,3,4.7462,a8w8_blockscale_1x128x128_256x16x64x256_16x16_16x16_1x1_16x16x1_16x16x1_1x16x1x16_4_1x1_intrawave_v1,1.33,664.3,0.0
gfx950,256,1,576,6144,ck,8,3,4.7176,a8w8_blockscale_1x128x128_256x16x64x256_16x16_16x16_1x1_16x16x1_16x16x1_1x16x1x16_4_1x1_intrawave_v1,1.5,751.7,0.0
gfx950,256,1,1024,6144,ck,8,3,4.8883,a8w8_blockscale_1x128x128_256x16x64x256_16x16_16x16_1x1_16x16x1_16x16x1_1x16x1x16_4_1x1_intrawave_v1,2.57,1288.72,0.0
gfx950,256,1,2048,6144,ck,8,3,8.4247,a8w8_blockscale_1x128x128_256x16x64x256_16x16_16x16_1x1_16x16x1_16x16x1_1x16x1x16_4_1x1_intrawave_v1,2.99,1494.79,0.0
gfx950,256,1,3584,512,ck,8,0,3.3057,a8w8_blockscale_1x128x128_256x16x64x256_16x16_16x16_1x1_16x16x1_16x16x1_1x16x1x16_4_1x1_intrawave_v1,1.11,557.43,0.0
gfx950,256,1,4608,6144,ck,6,3,11.8758,a8w8_blockscale_1x128x128_256x16x64x128_8x16_16x16_1x1_16x16x1_8x32x1_1x16x1x16_4_1x1_intrawave_v1,4.77,2385.26,0.0
gfx950,256,1,6144,256,ck,8,0,2.8999,a8w8_blockscale_1x128x128_256x16x64x256_16x16_16x16_1x1_16x16x1_16x16x1_1x16x1x16_4_1x1_intrawave_v1,1.08,546.71,0.0
gfx950,256,1,6144,512,ck,8,0,3.9799,a8w8_blockscale_1x128x128_256x16x64x256_16x16_16x16_1x1_16x16x1_16x16x1_1x16x1x16_4_1x1_intrawave_v1,1.58,793.62,0.0
gfx950,256,1,6144,2304,ck,8,0,8.2322,a8w8_blockscale_1x128x128_256x16x64x256_16x16_16x16_1x1_16x16x1_16x16x1_1x16x1x16_4_1x1_intrawave_v1,3.44,1721.33,0.0
gfx950,256,1,6144,4096,ck,8,3,8.6498,a8w8_blockscale_1x128x128_256x16x64x256_16x16_16x16_1x1_16x16x1_16x16x1_1x16x1x16_4_1x1_intrawave_v1,5.82,2911.31,0.0
gfx950,256,1,6144,4608,ck,6,2,12.7177,a8w8_blockscale_1x128x128_256x16x64x128_8x16_16x16_1x1_16x16x1_8x32x1_1x16x1x16_4_1x1_intrawave_v1,4.45,2227.48,0.0
gfx950,256,1,9216,6144,ck,8,3,16.3905,a8w8_blockscale_1x128x128_256x16x64x256_16x16_16x16_1x1_16x16x1_16x16x1_1x16x1x16_4_1x1_intrawave_v1,6.91,3456.13,0.0001
gfx950,256,2,512,6144,ck,8,3,4.7993,a8w8_blockscale_1x128x128_256x16x64x256_16x16_16x16_1x1_16x16x1_16x16x1_1x16x1x16_4_1x1_intrawave_v1,2.62,658.44,0.0
gfx950,256,2,576,6144,ck,8,3,4.6655,a8w8_blockscale_1x128x128_256x16x64x256_16x16_16x16_1x1_16x16x1_16x16x1_1x16x1x16_4_1x1_intrawave_v1,3.03,761.66,0.0
gfx950,256,2,1024,6144,ck,8,3,6.5161,a8w8_blockscale_1x128x128_256x16x64x256_16x16_16x16_1x1_16x16x1_16x16x1_1x16x1x16_4_1x1_intrawave_v1,3.86,968.04,0.0
gfx950,256,2,2048,6144,ck,8,3,7.1127,a8w8_blockscale_1x128x128_256x16x64x256_16x16_16x16_1x1_16x16x1_16x16x1_1x16x1x16_4_1x1_intrawave_v1,7.08,1771.96,0.0012
gfx950,256,2,3584,512,ck,8,0,3.3421,a8w8_blockscale_1x128x128_256x16x64x256_16x16_16x16_1x1_16x16x1_16x16x1_1x16x1x16_4_1x1_intrawave_v1,2.2,553.65,0.0
gfx950,256,2,4608,6144,ck,8,3,11.9316,a8w8_blockscale_1x128x128_256x16x64x256_16x16_16x16_1x1_16x16x1_16x16x1_1x16x1x16_4_1x1_intrawave_v1,9.49,2375.4,0.0001
gfx950,256,2,6144,256,ck,8,0,2.8843,a8w8_blockscale_1x128x128_256x16x64x256_16x16_16x16_1x1_16x16x1_16x16x1_1x16x1x16_4_1x1_intrawave_v1,2.18,554.02,0.0
gfx950,256,2,6144,512,ck,8,0,3.9804,a8w8_blockscale_1x128x128_256x16x64x256_16x16_16x16_1x1_16x16x1_16x16x1_1x16x1x16_4_1x1_intrawave_v1,3.16,796.74,0.0
gfx950,256,2,6144,2304,ck,8,0,8.2933,a8w8_blockscale_1x128x128_256x16x64x256_16x16_16x16_1x1_16x16x1_16x16x1_1x16x1x16_4_1x1_intrawave_v1,6.83,1710.41,0.0
gfx950,256,2,6144,4096,ck,6,3,9.108,a8w8_blockscale_1x128x128_256x16x64x128_8x16_16x16_1x1_16x16x1_8x32x1_1x16x1x16_4_1x1_intrawave_v1,11.05,2766.64,0.0002
gfx950,256,2,6144,4608,ck,6,2,12.7208,a8w8_blockscale_1x128x128_256x16x64x128_8x16_16x16_1x1_16x16x1_8x32x1_1x16x1x16_4_1x1_intrawave_v1,8.9,2228.27,0.0
gfx950,256,2,9216,6144,ck,8,3,16.4729,a8w8_blockscale_1x128x128_256x16x64x256_16x16_16x16_1x1_16x16x1_16x16x1_1x16x1x16_4_1x1_intrawave_v1,13.75,3440.33,0.0001
gfx950,256,4,512,6144,ck,8,3,4.7831,a8w8_blockscale_1x128x128_256x16x64x256_16x16_16x16_1x1_16x16x1_16x16x1_1x16x1x16_4_1x1_intrawave_v1,5.26,663.67,0.0005
gfx950,256,4,576,6144,ck,13,3,6.4237,a8w8_blockscale_1x128x128_256x32x64x256_16x16_16x16_2x1_16x16x1_16x16x1_1x32x1x8_8_2x1_intrawave_v1,4.41,555.46,0.0
gfx950,256,4,1024,6144,ck,8,3,5.0292,a8w8_blockscale_1x128x128_256x16x64x256_16x16_16x16_1x1_16x16x1_16x16x1_1x16x1x16_4_1x1_intrawave_v1,10.01,1257.5,0.0002
gfx950,256,4,2048,6144,ck,8,3,7.0705,a8w8_blockscale_1x128x128_256x16x64x256_16x16_16x16_1x1_16x16x1_16x16x1_1x16x1x16_4_1x1_intrawave_v1,14.24,1785.43,0.0001
gfx950,256,4,3584,512,ck,8,0,3.553,a8w8_blockscale_1x128x128_256x16x64x256_16x16_16x16_1x1_16x16x1_16x16x1_1x16x1x16_4_1x1_intrawave_v1,4.13,525.11,0.0
gfx950,256,4,4608,6144,ck,8,3,11.9259,a8w8_blockscale_1x128x128_256x16x64x256_16x16_16x16_1x1_16x16x1_16x16x1_1x16x1x16_4_1x1_intrawave_v1,18.99,2379.11,0.0001
gfx950,256,4,6144,256,ck,8,0,2.8986,a8w8_blockscale_1x128x128_256x16x64x256_16x16_16x16_1x1_16x16x1_16x16x1_1x16x1x16_4_1x1_intrawave_v1,4.34,559.94,0.0
gfx950,256,4,6144,2304,ck,8,0,8.2918,a8w8_blockscale_1x128x128_256x16x64x256_16x16_16x16_1x1_16x16x1_16x16x1_1x16x1x16_4_1x1_intrawave_v1,13.66,1714.24,0.0
gfx950,256,4,6144,4096,ck,6,3,9.1482,a8w8_blockscale_1x128x128_256x16x64x128_8x16_16x16_1x1_16x16x1_8x32x1_1x16x1x16_4_1x1_intrawave_v1,22.01,2758.07,0.0
gfx950,256,4,6144,4608,ck,6,2,13.0003,a8w8_blockscale_1x128x128_256x16x64x128_8x16_16x16_1x1_16x16x1_8x32x1_1x16x1x16_4_1x1_intrawave_v1,17.42,2182.96,0.0
gfx950,256,4,9216,6144,ck,8,3,16.6678,a8w8_blockscale_1x128x128_256x16x64x256_16x16_16x16_1x1_16x16x1_16x16x1_1x16x1x16_4_1x1_intrawave_v1,27.18,3403.05,0.0001
gfx950,256,8,512,6144,ck,8,3,4.8608,a8w8_blockscale_1x128x128_256x16x64x256_16x16_16x16_1x1_16x16x1_16x16x1_1x16x1x16_4_1x1_intrawave_v1,10.35,658.96,0.0
gfx950,256,8,576,6144,ck,8,3,4.8961,a8w8_blockscale_1x128x128_256x16x64x256_16x16_16x16_1x1_16x16x1_16x16x1_1x16x1x16_4_1x1_intrawave_v1,11.56,734.73,0.0002
gfx950,256,8,1024,6144,ck,8,3,5.1736,a8w8_blockscale_1x128x128_256x16x64x256_16x16_16x16_1x1_16x16x1_16x16x1_1x16x1x16_4_1x1_intrawave_v1,19.46,1228.74,0.0002
gfx950,256,8,2048,6144,ck,7,3,8.8244,a8w8_blockscale_1x128x128_256x16x128x256_16x16_16x16_1x2_16x16x1_16x16x1_1x16x1x16_8_1x2_intrawave_v1,22.81,1435.21,0.0005
gfx950,256,8,3584,512,ck,8,0,3.3815,a8w8_blockscale_1x128x128_256x16x64x256_16x16_16x16_1x1_16x16x1_16x16x1_1x16x1x16_4_1x1_intrawave_v1,8.68,560.83,0.0
gfx950,256,8,4608,6144,ck,6,3,12.1337,a8w8_blockscale_1x128x128_256x16x64x128_8x16_16x16_1x1_16x16x1_8x32x1_1x16x1x16_4_1x1_intrawave_v1,37.33,2343.43,0.0001
gfx950,256,8,6144,256,ck,6,0,3.0008,a8w8_blockscale_1x128x128_256x16x64x128_8x16_16x16_1x1_16x16x1_8x32x1_1x16x1x16_4_1x1_intrawave_v1,8.39,557.59,0.0
gfx950,256,8,6144,2304,ck,8,0,8.2986,a8w8_blockscale_1x128x128_256x16x64x256_16x16_16x16_1x1_16x16x1_16x16x1_1x16x1x16_4_1x1_intrawave_v1,27.29,1719.87,0.0
gfx950,256,8,6144,4096,ck,6,3,9.1019,a8w8_blockscale_1x128x128_256x16x64x128_8x16_16x16_1x1_16x16x1_8x32x1_1x16x1x16_4_1x1_intrawave_v1,44.24,2779.3,0.0
gfx950,256,8,6144,4608,ck,6,2,12.8496,a8w8_blockscale_1x128x128_256x16x64x128_8x16_16x16_1x1_16x16x1_8x32x1_1x16x1x16_4_1x1_intrawave_v1,35.25,2213.82,0.0
gfx950,256,8,9216,6144,ck,8,3,16.6648,a8w8_blockscale_1x128x128_256x16x64x256_16x16_16x16_1x1_16x16x1_16x16x1_1x16x1x16_4_1x1_intrawave_v1,54.36,3409.56,0.0
gfx950,256,16,512,6144,ck,8,3,4.9878,a8w8_blockscale_1x128x128_256x16x64x256_16x16_16x16_1x1_16x16x1_16x16x1_1x16x1x16_4_1x1_intrawave_v1,20.18,653.68,0.0
gfx950,256,16,576,6144,ck,13,3,7.1953,a8w8_blockscale_1x128x128_256x32x64x256_16x16_16x16_2x1_16x16x1_16x16x1_1x32x1x8_8_2x1_intrawave_v1,15.74,508.06,0.0002
gfx950,256,16,1024,6144,ck,8,3,7.1943,a8w8_blockscale_1x128x128_256x16x64x256_16x16_16x16_1x1_16x16x1_16x16x1_1x16x1x16_4_1x1_intrawave_v1,27.98,892.72,0.0004
gfx950,256,16,2048,6144,ck,8,3,8.2077,a8w8_blockscale_1x128x128_256x16x64x256_16x16_16x16_1x1_16x16x1_16x16x1_1x16x1x16_4_1x1_intrawave_v1,49.06,1553.02,0.0001
gfx950,256,16,3584,512,ck,8,0,3.3169,a8w8_blockscale_1x128x128_256x16x64x256_16x16_16x16_1x1_16x16x1_16x16x1_1x16x1x16_4_1x1_intrawave_v1,17.7,590.28,0.0
gfx950,256,16,4608,6144,ck,8,3,12.368,a8w8_blockscale_1x128x128_256x16x64x256_16x16_16x16_1x1_16x16x1_16x16x1_1x16x1x16_4_1x1_intrawave_v1,73.25,2308.97,0.0002
gfx950,256,16,6144,256,ck,8,0,2.9374,a8w8_blockscale_1x128x128_256x16x64x256_16x16_16x16_1x1_16x16x1_16x16x1_1x16x1x16_4_1x1_intrawave_v1,17.13,603.79,0.0
gfx950,256,16,6144,512,ck,8,0,3.9897,a8w8_blockscale_1x128x128_256x16x64x256_16x16_16x16_1x1_16x16x1_16x16x1_1x16x1x16_4_1x1_intrawave_v1,25.23,839.79,0.0
gfx950,256,16,6144,2304,ck,8,0,8.8995,a8w8_blockscale_1x128x128_256x16x64x256_16x16_16x16_1x1_16x16x1_16x16x1_1x16x1x16_4_1x1_intrawave_v1,50.9,1616.86,0.0
gfx950,256,16,6144,4096,ck,8,3,9.4184,a8w8_blockscale_1x128x128_256x16x64x256_16x16_16x16_1x1_16x16x1_16x16x1_1x16x1x16_4_1x1_intrawave_v1,85.5,2699.82,0.0
gfx950,256,16,6144,4608,ck,8,1,12.8918,a8w8_blockscale_1x128x128_256x16x64x256_16x16_16x16_1x1_16x16x1_16x16x1_1x16x1x16_4_1x1_intrawave_v1,70.27,2217.06,0.0
gfx950,256,16,9216,6144,ck,8,3,17.3207,a8w8_blockscale_1x128x128_256x16x64x256_16x16_16x16_1x1_16x16x1_16x16x1_1x16x1x16_4_1x1_intrawave_v1,104.61,3291.8,0.0001
gfx950,256,32,512,6144,ck,13,3,7.7708,a8w8_blockscale_1x128x128_256x32x64x256_16x16_16x16_2x1_16x16x1_16x16x1_1x32x1x8_8_2x1_intrawave_v1,25.91,434.33,0.0001
gfx950,256,32,576,6144,ck,8,3,7.0141,a8w8_blockscale_1x128x128_256x16x64x256_16x16_16x16_1x1_16x16x1_16x16x1_1x16x1x16_4_1x1_intrawave_v1,32.29,537.83,0.0001
gfx950,256,32,1024,6144,ck,8,3,7.7292,a8w8_blockscale_1x128x128_256x16x64x256_16x16_16x16_1x1_16x16x1_16x16x1_1x16x1x16_4_1x1_intrawave_v1,52.1,847.9,0.0002
gfx950,256,32,2048,6144,ck,8,3,10.3757,a8w8_blockscale_1x128x128_256x16x64x256_16x16_16x16_1x1_16x16x1_16x16x1_1x16x1x16_4_1x1_intrawave_v1,77.61,1244.31,0.0001
gfx950,256,32,4608,6144,ck,8,3,14.4838,a8w8_blockscale_1x128x128_256x16x64x256_16x16_16x16_1x1_16x16x1_16x16x1_1x16x1x16_4_1x1_intrawave_v1,125.1,1988.64,0.0002
gfx950,256,32,6144,2304,ck,8,0,8.2732,a8w8_blockscale_1x128x128_256x16x64x256_16x16_16x16_1x1_16x16x1_16x16x1_1x16x1x16_4_1x1_intrawave_v1,109.51,1767.48,0.0
gfx950,256,32,6144,4096,ck,8,3,11.6515,a8w8_blockscale_1x128x128_256x16x64x256_16x16_16x16_1x1_16x16x1_16x16x1_1x16x1x16_4_1x1_intrawave_v1,138.23,2204.88,0.0
gfx950,256,32,6144,4608,ck,8,0,14.5992,a8w8_blockscale_1x128x128_256x16x64x256_16x16_16x16_1x1_16x16x1_16x16x1_1x16x1x16_4_1x1_intrawave_v1,124.11,1976.29,0.0
gfx950,256,32,9216,6144,ck,8,3,21.4904,a8w8_blockscale_1x128x128_256x16x64x256_16x16_16x16_1x1_16x16x1_16x16x1_1x16x1x16_4_1x1_intrawave_v1,168.63,2671.4,0.0001
gfx950,256,48,512,6144,ck,8,3,8.7305,a8w8_blockscale_1x128x128_256x16x64x256_16x16_16x16_1x1_16x16x1_16x16x1_1x16x1x16_4_1x1_intrawave_v1,34.59,399.72,0.0002
gfx950,256,48,576,6144,ck,8,3,7.0209,a8w8_blockscale_1x128x128_256x16x64x256_16x16_16x16_1x1_16x16x1_16x16x1_1x16x1x16_4_1x1_intrawave_v1,48.39,553.94,0.0002
gfx950,256,48,1024,6144,ck,8,3,8.9064,a8w8_blockscale_1x128x128_256x16x64x256_16x16_16x16_1x1_16x16x1_16x16x1_1x16x1x16_4_1x1_intrawave_v1,67.81,750.55,0.0002
gfx950,256,48,2048,6144,ck,8,3,11.4253,a8w8_blockscale_1x128x128_256x16x64x256_16x16_16x16_1x1_16x16x1_16x16x1_1x16x1x16_4_1x1_intrawave_v1,105.73,1144.34,0.0002
gfx950,256,48,4096,2048,ck,8,0,8.3653,a8w8_blockscale_1x128x128_256x16x64x256_16x16_16x16_1x1_16x16x1_16x16x1_1x16x1x16_4_1x1_intrawave_v1,96.27,1061.54,0.0
gfx950,256,48,4608,6144,ck,8,3,16.6658,a8w8_blockscale_1x128x128_256x16x64x256_16x16_16x16_1x1_16x16x1_16x16x1_1x16x1x16_4_1x1_intrawave_v1,163.08,1743.02,0.0002
gfx950,256,48,6144,4096,ck,8,3,13.3384,a8w8_blockscale_1x128x128_256x16x64x256_16x16_16x16_1x1_16x16x1_16x16x1_1x16x1x16_4_1x1_intrawave_v1,181.13,1945.68,0.0
gfx950,256,64,512,6144,ck,8,3,7.5775,a8w8_blockscale_1x128x128_256x16x64x256_16x16_16x16_1x1_16x16x1_16x16x1_1x16x1x16_4_1x1_intrawave_v1,53.14,475.68,0.0001
gfx950,256,64,576,6144,ck,8,3,10.3026,a8w8_blockscale_1x128x128_256x16x64x256_16x16_16x16_1x1_16x16x1_16x16x1_1x16x1x16_4_1x1_intrawave_v1,43.97,388.82,0.0004
gfx950,256,64,1024,6144,ck,8,3,11.2212,a8w8_blockscale_1x128x128_256x16x64x256_16x16_16x16_1x1_16x16x1_16x16x1_1x16x1x16_4_1x1_intrawave_v1,71.77,607.4,0.0004
gfx950,256,64,2048,6144,ck,8,3,12.5726,a8w8_blockscale_1x128x128_256x16x64x256_16x16_16x16_1x1_16x16x1_16x16x1_1x16x1x16_4_1x1_intrawave_v1,128.1,1052.95,0.0001
gfx950,256,64,4608,6144,ck,8,3,19.4299,a8w8_blockscale_1x128x128_256x16x64x256_16x16_16x16_1x1_16x16x1_16x16x1_1x16x1x16_4_1x1_intrawave_v1,186.51,1507.71,0.0002
gfx950,256,64,6144,4096,ck,8,3,16.703,a8w8_blockscale_1x128x128_256x16x64x256_16x16_16x16_1x1_16x16x1_16x16x1_1x16x1x16_4_1x1_intrawave_v1,192.85,1569.44,0.0
gfx950,256,64,6144,4608,ck,18,0,17.8005,a8w8_blockscale_1x128x128_256x64x64x256_16x16_32x32_1x1_16x16x1_16x16x1_1x32x1x8_8_1x1_intrawave_v1,203.58,1651.24,0.0
gfx950,256,64,9216,6144,ck,18,0,23.4061,a8w8_blockscale_1x128x128_256x64x64x256_16x16_32x32_1x1_16x16x1_16x16x1_1x32x1x8_8_1x1_intrawave_v1,309.65,2486.36,0.0
gfx950,256,96,512,6144,ck,8,3,8.2089,a8w8_blockscale_1x128x128_256x16x64x256_16x16_16x16_1x1_16x16x1_16x16x1_1x16x1x16_4_1x1_intrawave_v1,73.58,467.04,0.0001
gfx950,256,96,576,6144,ck,8,3,10.215,a8w8_blockscale_1x128x128_256x16x64x256_16x16_16x16_1x1_16x16x1_16x16x1_1x16x1x16_4_1x1_intrawave_v1,66.52,415.01,0.0004
gfx950,256,96,1024,6144,ck,8,3,11.6816,a8w8_blockscale_1x128x128_256x16x64x256_16x16_16x16_1x1_16x16x1_16x16x1_1x16x1x16_4_1x1_intrawave_v1,103.41,605.9,0.0002
gfx950,256,96,2048,6144,ck,8,3,15.1919,a8w8_blockscale_1x128x128_256x16x64x256_16x16_16x16_1x1_16x16x1_16x16x1_1x16x1x16_4_1x1_intrawave_v1,159.03,892.97,0.0001
gfx950,256,96,6144,256,cktile,14,0,3.3504,a8w8_blockscale_cktile_16x128x256_1x4x1_16x16x128_intrawave_0x1x0_4,90.14,828.88,0.0
gfx950,256,96,6144,512,ck,18,0,4.9683,a8w8_blockscale_1x128x128_256x64x64x256_16x16_32x32_1x1_16x16x1_16x16x1_1x32x1x8_8_1x1_intrawave_v1,121.57,880.49,0.0
gfx950,256,96,6144,2304,ck,12,0,11.8637,a8w8_blockscale_1x128x128_256x32x128x256_16x16_32x32_1x1_16x16x1_16x16x1_1x32x1x8_8_1x1_intrawave_v1,229.09,1311.28,0.0
gfx950,256,96,6144,4096,ck,12,0,20.1166,a8w8_blockscale_1x128x128_256x32x128x256_16x16_32x32_1x1_16x16x1_16x16x1_1x32x1x8_8_1x1_intrawave_v1,240.19,1329.19,0.0
gfx950,256,96,6144,4608,ck,12,0,20.3047,a8w8_blockscale_1x128x128_256x32x128x256_16x16_32x32_1x1_16x16x1_16x16x1_1x32x1x8_8_1x1_intrawave_v1,267.71,1474.22,0.0
gfx950,256,96,9216,6144,ck,12,0,26.814,a8w8_blockscale_1x128x128_256x32x128x256_16x16_32x32_1x1_16x16x1_16x16x1_1x32x1x8_8_1x1_intrawave_v1,405.45,2199.69,0.0
gfx950,256,128,512,6144,ck,8,3,8.0485,a8w8_blockscale_1x128x128_256x16x64x256_16x16_16x16_1x1_16x16x1_16x16x1_1x16x1x16_4_1x1_intrawave_v1,100.06,504.84,0.0002
gfx950,256,128,576,6144,ck,8,3,11.4382,a8w8_blockscale_1x128x128_256x16x64x256_16x16_16x16_1x1_16x16x1_16x16x1_1x16x1x16_4_1x1_intrawave_v1,79.21,391.04,0.0003
gfx950,256,128,1024,6144,ck,8,3,12.8984,a8w8_blockscale_1x128x128_256x16x64x256_16x16_16x16_1x1_16x16x1_16x16x1_1x16x1x16_4_1x1_intrawave_v1,124.87,569.07,0.0003
gfx950,256,128,2048,6144,ck,8,3,17.5746,a8w8_blockscale_1x128x128_256x16x64x256_16x16_16x16_1x1_16x16x1_16x16x1_1x16x1x16_4_1x1_intrawave_v1,183.29,790.55,0.0001
gfx950,256,128,4608,6144,ck,18,0,22.6196,a8w8_blockscale_1x128x128_256x64x64x256_16x16_32x32_1x1_16x16x1_16x16x1_1x32x1x8_8_1x1_intrawave_v1,320.42,1338.56,0.0
gfx950,256,128,6144,256,cktile,5,0,3.3873,a8w8_blockscale_cktile_32x128x128_1x4x1_16x16x128_intrawave_0x1x0_2,118.87,938.36,0.0
gfx950,256,128,6144,512,ck,8,0,4.7085,a8w8_blockscale_1x128x128_256x16x64x256_16x16_16x16_1x1_16x16x1_16x16x1_1x16x1x16_4_1x1_intrawave_v1,171.03,1016.06,0.0
gfx950,256,128,6144,2304,ck,18,0,10.7299,a8w8_blockscale_1x128x128_256x64x64x256_16x16_32x32_1x1_16x16x1_16x16x1_1x32x1x8_8_1x1_intrawave_v1,337.74,1493.36,0.0
gfx950,256,128,6144,4096,ck,18,0,16.642,a8w8_blockscale_1x128x128_256x64x64x256_16x16_32x32_1x1_16x16x1_16x16x1_1x32x1x8_8_1x1_intrawave_v1,387.12,1638.2,0.0
gfx950,256,128,6144,4608,ck,18,0,18.3054,a8w8_blockscale_1x128x128_256x64x64x256_16x16_32x32_1x1_16x16x1_16x16x1_1x32x1x8_8_1x1_intrawave_v1,395.94,1664.77,0.0
gfx950,256,128,9216,6144,ck,2,0,38.3309,a8w8_blockscale_1x128x128_256x64x128x128_16x16_32x32_1x2_8x32x1_8x32x1_1x32x1x8_8_1x1_intrawave_v3,378.17,1559.29,0.0
gfx950,256,192,512,6144,ck,8,3,11.6884,a8w8_blockscale_1x128x128_256x16x64x256_16x16_16x16_1x1_16x16x1_16x16x1_1x16x1x16_4_1x1_intrawave_v1,103.35,386.88,0.0003
gfx950,256,192,576,6144,ck,8,3,12.3201,a8w8_blockscale_1x128x128_256x16x64x256_16x16_16x16_1x1_16x16x1_16x16x1_1x16x1x16_4_1x1_intrawave_v1,110.3,400.95,0.0004
gfx950,256,192,1024,6144,ck,8,3,15.0898,a8w8_blockscale_1x128x128_256x16x64x256_16x16_16x16_1x1_16x16x1_16x16x1_1x16x1x16_4_1x1_intrawave_v1,160.1,521.17,0.0003
gfx950,256,192,3584,512,ck,8,0,5.0211,a8w8_blockscale_1x128x128_256x16x64x256_16x16_16x16_1x1_16x16x1_16x16x1_1x16x1x16_4_1x1_intrawave_v1,140.34,659.13,0.0
gfx950,256,192,4096,2048,ck,18,0,9.8191,a8w8_blockscale_1x128x128_256x64x64x256_16x16_32x32_1x1_16x16x1_16x16x1_1x32x1x8_8_1x1_intrawave_v1,328.06,1054.55,0.0
gfx950,256,192,4608,6144,ck,18,0,23.2137,a8w8_blockscale_1x128x128_256x64x64x256_16x16_32x32_1x1_16x16x1_16x16x1_1x32x1x8_8_1x1_intrawave_v1,468.33,1346.65,0.0
gfx950,256,192,6144,256,cktile,0,0,4.0179,a8w8_blockscale_cktile_16x128x256_1x4x1_16x16x128_intrawave_0x1x0_1,150.32,990.89,0.0
gfx950,256,192,6144,512,ck,13,0,5.3675,a8w8_blockscale_1x128x128_256x32x64x256_16x16_16x16_2x1_16x16x1_16x16x1_1x32x1x8_8_2x1_intrawave_v1,225.05,1043.94,0.0
gfx950,256,192,6144,2304,ck,2,0,16.3655,a8w8_blockscale_1x128x128_256x64x128x128_16x16_32x32_1x2_8x32x1_8x32x1_1x32x1x8_8_1x1_intrawave_v3,332.15,1036.17,0.0
gfx950,256,192,6144,4096,ck,2,0,26.5547,a8w8_blockscale_1x128x128_256x64x128x128_16x16_32x32_1x2_8x32x1_8x32x1_1x32x1x8_8_1x1_intrawave_v3,363.92,1066.16,0.0
gfx950,256,192,6144,4608,ck,2,0,28.3357,a8w8_blockscale_1x128x128_256x64x128x128_16x16_32x32_1x2_8x32x1_8x32x1_1x32x1x8_8_1x1_intrawave_v3,383.67,1113.63,0.0
gfx950,256,192,9216,6144,ck,2,0,38.1832,a8w8_blockscale_1x128x128_256x64x128x128_16x16_32x32_1x2_8x32x1_8x32x1_1x32x1x8_8_1x1_intrawave_v3,569.45,1606.51,0.0
gfx950,256,256,512,6144,ck,8,3,12.5845,a8w8_blockscale_1x128x128_256x16x64x256_16x16_16x16_1x1_16x16x1_16x16x1_1x16x1x16_4_1x1_intrawave_v1,127.98,395.78,0.0002
gfx950,256,256,576,6144,ck,8,3,13.5711,a8w8_blockscale_1x128x128_256x16x64x256_16x16_16x16_1x1_16x16x1_16x16x1_1x16x1x16_4_1x1_intrawave_v1,133.51,398.4,0.0004
gfx950,256,256,1024,6144,ck,8,3,17.8354,a8w8_blockscale_1x128x128_256x16x64x256_16x16_16x16_1x1_16x16x1_16x16x1_1x16x1x16_4_1x1_intrawave_v1,180.61,470.33,0.0002
gfx950,256,256,2048,6144,ck,18,0,22.5338,a8w8_blockscale_1x128x128_256x64x64x256_16x16_32x32_1x1_16x16x1_16x16x1_1x32x1x8_8_1x1_intrawave_v1,285.9,674.74,0.0
gfx950,256,256,3584,512,ck,13,0,4.8138,a8w8_blockscale_1x128x128_256x32x64x256_16x16_16x16_2x1_16x16x1_16x16x1_1x32x1x8_8_2x1_intrawave_v1,195.17,789.62,0.0
gfx950,256,256,4608,6144,ck,2,0,36.9488,a8w8_blockscale_1x128x128_256x64x128x128_16x16_32x32_1x2_8x32x1_8x32x1_1x32x1x8_8_1x1_intrawave_v3,392.31,872.66,0.0
gfx950,256,256,6144,256,cktile,14,0,4.2269,a8w8_blockscale_cktile_16x128x256_1x4x1_16x16x128_intrawave_0x1x0_4,190.52,1131.83,0.0
gfx950,256,256,6144,512,ck,13,0,6.2515,a8w8_blockscale_1x128x128_256x32x64x256_16x16_16x16_2x1_16x16x1_16x16x1_1x32x1x8_8_2x1_intrawave_v1,257.64,1027.36,0.0
gfx950,256,256,6144,2304,ck,2,0,16.5236,a8w8_blockscale_1x128x128_256x64x128x128_16x16_32x32_1x2_8x32x1_8x32x1_1x32x1x8_8_1x1_intrawave_v3,438.63,1082.77,0.0
gfx950,256,256,6144,4096,ck,2,0,26.5798,a8w8_blockscale_1x128x128_256x64x128x128_16x16_32x32_1x2_8x32x1_8x32x1_1x32x1x8_8_1x1_intrawave_v3,484.76,1104.6,0.0
gfx950,256,256,6144,4608,ck,2,0,28.4744,a8w8_blockscale_1x128x128_256x64x128x128_16x16_32x32_1x2_8x32x1_8x32x1_1x32x1x8_8_1x1_intrawave_v3,509.07,1146.18,0.0
gfx950,256,256,9216,6144,ck,0,0,47.2347,a8w8_blockscale_1x128x128_256x128x128x128_16x16_32x32_2x2_8x32x1_8x32x1_1x32x1x8_8_1x1_intrawave_v3,613.77,1331.96,0.0
gfx950,256,384,512,6144,ck,8,3,14.9178,a8w8_blockscale_1x128x128_256x16x64x256_16x16_16x16_1x1_16x16x1_16x16x1_1x16x1x16_4_1x1_intrawave_v1,161.95,395.38,0.0003
gfx950,256,384,576,6144,ck,8,3,15.9599,a8w8_blockscale_1x128x128_256x16x64x256_16x16_16x16_1x1_16x16x1_16x16x1_1x16x1x16_4_1x1_intrawave_v1,170.3,397.28,0.0003
gfx950,256,384,1024,6144,ck,18,1,21.884,a8w8_blockscale_1x128x128_256x64x64x256_16x16_32x32_1x1_16x16x1_16x16x1_1x32x1x8_8_1x1_intrawave_v1,220.79,431.24,0.0
gfx950,256,384,2048,6144,ck,18,0,22.9019,a8w8_blockscale_1x128x128_256x64x64x256_16x16_32x32_1x1_16x16x1_16x16x1_1x32x1x8_8_1x1_intrawave_v1,421.96,721.12,0.0
gfx950,256,384,3584,512,ck,13,0,5.8098,a8w8_blockscale_1x128x128_256x32x64x256_16x16_16x16_2x1_16x16x1_16x16x1_1x32x1x8_8_2x1_intrawave_v1,242.57,823.46,0.0
gfx950,256,384,4096,2048,ck,2,0,15.4582,a8w8_blockscale_1x128x128_256x64x128x128_16x16_32x32_1x2_8x32x1_8x32x1_1x32x1x8_8_1x1_intrawave_v3,416.77,797.04,0.0
gfx950,256,384,4608,6144,ck,2,0,37.0779,a8w8_blockscale_1x128x128_256x64x128x128_16x16_32x32_1x2_8x32x1_8x32x1_1x32x1x8_8_1x1_intrawave_v3,586.42,922.65,0.0
gfx950,256,384,6144,256,cktile,19,0,6.2654,a8w8_blockscale_cktile_32x128x128_1x4x1_16x16x64_intrawave_0x1x0_3,192.8,1019.85,0.0
gfx950,256,384,6144,512,ck,13,0,8.1458,a8w8_blockscale_1x128x128_256x32x64x256_16x16_16x16_2x1_16x16x1_16x16x1_1x32x1x8_8_2x1_intrawave_v1,296.58,989.58,0.0
gfx950,256,384,6144,2304,ck,0,0,20.0454,a8w8_blockscale_1x128x128_256x128x128x128_16x16_32x32_2x2_8x32x1_8x32x1_1x32x1x8_8_1x1_intrawave_v3,542.35,985.72,0.0
gfx950,256,384,6144,4096,ck,0,0,34.3527,a8w8_blockscale_1x128x128_256x128x128x128_16x16_32x32_2x2_8x32x1_8x32x1_1x32x1x8_8_1x1_intrawave_v3,562.62,915.71,0.0
gfx950,256,384,6144,4608,ck,0,0,34.7376,a8w8_blockscale_1x128x128_256x128x128x128_16x16_32x32_2x2_8x32x1_8x32x1_1x32x1x8_8_1x1_intrawave_v3,625.93,1001.79,0.0
gfx950,256,384,9216,6144,ck,0,0,48.0943,a8w8_blockscale_1x128x128_256x128x128x128_16x16_32x32_2x2_8x32x1_8x32x1_1x32x1x8_8_1x1_intrawave_v3,904.19,1373.56,0.0
gfx950,256,512,512,6144,ck,8,3,17.7283,a8w8_blockscale_1x128x128_256x16x64x256_16x16_16x16_1x1_16x16x1_16x16x1_1x16x1x16_4_1x1_intrawave_v1,181.7,384.46,0.0003
gfx950,256,512,576,6144,ck,8,3,19.4404,a8w8_blockscale_1x128x128_256x16x64x256_16x16_16x16_1x1_16x16x1_16x16x1_1x16x1x16_4_1x1_intrawave_v1,186.41,374.19,0.0003
gfx950,256,512,1024,6144,ck,18,0,22.5382,a8w8_blockscale_1x128x128_256x64x64x256_16x16_32x32_1x1_16x16x1_16x16x1_1x32x1x8_8_1x1_intrawave_v1,285.85,465.24,0.0
gfx950,256,512,2048,6144,ck,18,0,23.4973,a8w8_blockscale_1x128x128_256x64x64x256_16x16_32x32_1x1_16x16x1_16x16x1_1x32x1x8_8_1x1_intrawave_v1,548.36,758.63,0.0
gfx950,256,512,3584,512,cktile,3,0,7.4635,a8w8_blockscale_cktile_16x128x256_1x4x1_16x16x64_intrawave_0x1x0_2,251.77,772.72,0.0
gfx950,256,512,4608,6144,ck,0,0,46.3941,a8w8_blockscale_1x128x128_256x128x128x128_16x16_32x32_2x2_8x32x1_8x32x1_1x32x1x8_8_1x1_intrawave_v3,624.89,779.75,0.0
gfx950,256,512,6144,256,cktile,6,0,6.3006,a8w8_blockscale_cktile_32x128x128_1x4x1_16x16x64_intrawave_0x1x0_1,255.63,1268.99,0.0
gfx950,256,512,6144,512,ck,18,0,8.5559,a8w8_blockscale_1x128x128_256x64x64x256_16x16_32x32_1x1_16x16x1_16x16x1_1x32x1x8_8_1x1_intrawave_v1,376.49,1133.64,0.0
gfx950,256,512,6144,2304,ck,0,0,20.4161,a8w8_blockscale_1x128x128_256x128x128x128_16x16_32x32_2x2_8x32x1_8x32x1_1x32x1x8_8_1x1_intrawave_v3,710.0,1059.31,0.0
gfx950,256,512,6144,4096,ck,0,0,35.7467,a8w8_blockscale_1x128x128_256x128x128x128_16x16_32x32_2x2_8x32x1_8x32x1_1x32x1x8_8_1x1_intrawave_v3,720.9,938.67,0.0
gfx950,256,512,6144,4608,ck,0,0,35.6097,a8w8_blockscale_1x128x128_256x128x128x128_16x16_32x32_2x2_8x32x1_8x32x1_1x32x1x8_8_1x1_intrawave_v3,814.13,1037.98,0.0
gfx950,256,512,9216,6144,cktile,27,0,69.1828,a8w8_blockscale_cktile_192x256x128_4x2x1_16x16x128_intrawave_0x1x0_2,838.1,1000.34,0.0
